age,brand,kmdriven,fuelType,bodyType,seatCap,transmission,owners,price,TYPE
10.0,8.0,155000.0,4.0,4.0,5.0,0.0,1.0,430000.0,0.0
14.0,8.0,100000.0,3.0,7.0,5.0,7.0,5.0,500000.0,0.0
14.0,7.0,60000.0,4.0,7.0,7.0,0.0,1.0,350000.0,0.0
10.0,9.0,167956.0,4.0,7.0,7.0,0.0,1.0,450000.0,0.0
15.0,10.0,84000.0,3.0,0.0,5.0,0.0,2.0,200000.0,0.0
5.0,8.0,50000.0,3.0,0.0,5.0,0.0,1.0,250000.0,0.0
8.0,8.0,32000.0,3.0,0.0,5.0,0.0,1.0,300000.0,0.0
9.0,8.0,135000.0,4.0,0.0,5.0,0.0,5.0,400000.0,0.0
14.0,8.0,82000.0,3.0,6.0,0.0,0.0,5.0,300000.0,0.0
9.0,8.0,34129.0,3.0,0.0,5.0,0.0,1.0,385000.0,0.0
9.0,8.0,62000.0,4.0,4.0,5.0,0.0,2.0,480000.0,0.0
13.0,8.0,44000.0,3.0,0.0,5.0,0.0,3.0,90000.0,0.0
9.0,8.0,85000.0,3.0,0.0,5.0,0.0,2.0,290000.0,0.0
15.0,17.0,187500.0,4.0,4.0,5.0,7.0,2.0,175000.0,0.0
13.0,10.0,110000.0,4.0,4.0,5.0,0.0,2.0,250000.0,0.0
13.0,14.0,190000.0,4.0,0.0,5.0,0.0,1.0,200000.0,0.0
5.0,10.0,120000.0,3.0,0.0,5.0,0.0,1.0,500000.0,0.0
9.0,11.0,90000.0,3.0,0.0,5.0,0.0,3.0,180000.0,0.0
10.0,14.0,148000.0,4.0,7.0,5.0,0.0,1.0,300000.0,0.0
15.0,9.0,156149.0,4.0,7.0,7.0,0.0,2.0,250000.0,0.0
16.0,10.0,100000.0,1.0,0.0,5.0,0.0,2.0,100000.0,0.0
2.0,7.0,33565.0,3.0,0.0,5.0,0.0,1.0,473565.0,0.0
10.0,14.0,100000.0,4.0,7.0,5.0,0.0,2.0,425000.0,0.0
14.0,6.0,97000.0,3.0,0.0,5.0,0.0,2.0,120000.0,0.0
15.0,10.0,114000.0,3.0,0.0,5.0,0.0,1.0,225000.0,0.0
13.0,11.0,92000.0,4.0,7.0,5.0,0.0,3.0,250000.0,0.0
13.0,8.0,120000.0,2.0,0.0,5.0,0.0,2.0,150000.0,0.0
10.0,11.0,76000.0,4.0,7.0,5.0,0.0,1.0,380000.0,0.0
11.0,8.0,92000.0,4.0,0.0,5.0,0.0,3.0,315000.0,0.0
8.0,8.0,64000.0,3.0,6.0,5.0,0.0,2.0,340000.0,0.0
3.0,11.0,39812.0,3.0,0.0,5.0,0.0,1.0,391091.0,0.0
11.0,7.0,55000.0,4.0,0.0,5.0,0.0,2.0,120000.0,0.0
14.0,10.0,35000.0,3.0,0.0,5.0,0.0,2.0,225000.0,0.0
4.0,8.0,55000.0,3.0,0.0,5.0,0.0,1.0,450000.0,0.0
4.0,8.0,76000.0,3.0,0.0,5.0,2.0,1.0,455000.0,0.0
16.0,10.0,77000.0,2.0,4.0,5.0,0.0,2.0,200000.0,0.0
10.0,10.0,82000.0,3.0,0.0,5.0,0.0,3.0,225000.0,0.0
0.0,10.0,50000.0,2.0,2.0,5.0,0.0,1.0,500000.0,0.0
11.0,7.0,115000.0,4.0,1.0,5.0,0.0,3.0,200000.0,0.0
15.0,10.0,134000.0,3.0,0.0,5.0,0.0,2.0,150000.0,0.0
5.0,8.0,75000.0,3.0,6.0,5.0,0.0,2.0,440000.0,0.0
8.0,8.0,7000.0,3.0,0.0,5.0,0.0,1.0,300000.0,0.0
8.0,10.0,42000.0,3.0,0.0,5.0,0.0,2.0,300000.0,0.0
13.0,8.0,152000.0,4.0,0.0,5.0,0.0,1.0,200000.0,0.0
2.0,8.0,9232.0,3.0,0.0,5.0,0.0,1.0,474000.0,0.0
15.0,8.0,100000.0,4.0,0.0,5.0,0.0,2.0,300000.0,0.0
4.0,8.0,83000.0,3.0,0.0,5.0,0.0,1.0,325000.0,0.0
12.0,11.0,90000.0,4.0,0.0,5.0,0.0,1.0,250000.0,0.0
15.0,8.0,66000.0,3.0,4.0,5.0,0.0,2.0,250000.0,0.0
12.0,8.0,62847.0,3.0,0.0,5.0,0.0,1.0,346000.0,0.0
13.0,5.0,110000.0,4.0,4.0,5.0,0.0,2.0,250000.0,0.0
13.0,7.0,110000.0,4.0,7.0,7.0,0.0,2.0,380000.0,0.0
11.0,12.0,78000.0,3.0,0.0,5.0,0.0,2.0,290000.0,0.0
10.0,8.0,49187.0,3.0,1.0,5.0,7.0,2.0,500000.0,0.0
7.0,11.0,48000.0,3.0,0.0,5.0,0.0,2.0,280000.0,0.0
8.0,8.0,60000.0,4.0,1.0,5.0,0.0,2.0,500000.0,0.0
8.0,8.0,250000.0,4.0,1.0,5.0,0.0,1.0,500000.0,0.0
1.0,8.0,18600.0,3.0,0.0,5.0,0.0,1.0,460000.0,0.0
6.0,12.0,63000.0,3.0,7.0,5.0,0.0,2.0,490000.0,0.0
7.0,8.0,80000.0,3.0,0.0,5.0,0.0,1.0,250000.0,0.0
13.0,22.0,100000.0,4.0,7.0,8.0,0.0,2.0,350000.0,0.0
14.0,9.0,150000.0,4.0,7.0,0.0,0.0,3.0,300000.0,0.0
13.0,8.0,157000.0,4.0,7.0,7.0,0.0,5.0,290000.0,0.0
14.0,18.0,132000.0,4.0,0.0,5.0,0.0,3.0,300000.0,0.0
10.0,8.0,15500.0,3.0,4.0,5.0,0.0,1.0,365000.0,0.0
8.0,7.0,160000.0,4.0,0.0,5.0,0.0,2.0,360000.0,0.0
12.0,8.0,163000.0,4.0,4.0,5.0,0.0,2.0,230000.0,0.0
12.0,14.0,190000.0,4.0,7.0,5.0,0.0,3.0,280000.0,0.0
2.0,8.0,96452.0,3.0,0.0,5.0,0.0,1.0,485000.0,0.0
9.0,10.0,130000.0,3.0,0.0,5.0,0.0,1.0,450000.0,0.0
15.0,8.0,85000.0,3.0,4.0,5.0,0.0,3.0,220000.0,0.0
7.0,18.0,75133.0,4.0,1.0,5.0,0.0,1.0,450000.0,0.0
12.0,8.0,14089.0,4.0,7.0,7.0,0.0,2.0,200000.0,0.0
10.0,10.0,150000.0,3.0,0.0,5.0,0.0,2.0,220000.0,0.0
9.0,8.0,67000.0,3.0,1.0,5.0,0.0,1.0,499999.0,0.0
19.0,12.0,117500.0,3.0,4.0,5.0,0.0,2.0,195000.0,0.0
10.0,12.0,72613.0,3.0,1.0,5.0,0.0,1.0,399999.0,0.0
7.0,8.0,51000.0,3.0,0.0,5.0,0.0,1.0,350000.0,0.0
14.0,8.0,108060.0,3.0,0.0,5.0,0.0,2.0,350000.0,0.0
10.0,10.0,66000.0,3.0,0.0,5.0,0.0,2.0,190000.0,0.0
11.0,10.0,43233.0,3.0,0.0,5.0,0.0,1.0,499000.0,0.0
5.0,11.0,65000.0,3.0,5.0,7.0,0.0,1.0,465000.0,0.0
9.0,12.0,91136.0,3.0,4.0,5.0,0.0,1.0,410000.0,0.0
7.0,10.0,76512.0,3.0,0.0,5.0,0.0,1.0,380000.0,0.0
10.0,14.0,121000.0,4.0,1.0,5.0,0.0,2.0,230000.0,0.0
7.0,8.0,28500.0,3.0,0.0,5.0,2.0,1.0,390000.0,0.0
6.0,7.0,45000.0,4.0,0.0,5.0,0.0,1.0,485000.0,0.0
10.0,8.0,92000.0,4.0,1.0,5.0,0.0,1.0,289000.0,0.0
12.0,8.0,69000.0,4.0,4.0,5.0,0.0,1.0,335000.0,0.0
9.0,7.0,52400.0,4.0,1.0,5.0,0.0,2.0,148500.0,0.0
15.0,10.0,73000.0,3.0,4.0,5.0,0.0,2.0,180000.0,0.0
15.0,8.0,95000.0,3.0,4.0,5.0,0.0,1.0,195000.0,0.0
9.0,10.0,75000.0,1.0,0.0,5.0,0.0,1.0,220000.0,0.0
5.0,8.0,80000.0,3.0,1.0,5.0,0.0,5.0,450000.0,0.0
12.0,10.0,99000.0,3.0,0.0,5.0,7.0,1.0,280000.0,0.0
16.0,14.0,55000.0,4.0,4.0,5.0,0.0,2.0,200000.0,0.0
7.0,7.0,158000.0,4.0,1.0,5.0,0.0,2.0,400000.0,0.0
12.0,10.0,71588.0,4.0,0.0,5.0,0.0,2.0,235000.0,0.0
6.0,10.0,65000.0,3.0,0.0,5.0,0.0,1.0,497064.0,0.0
17.0,10.0,95000.0,3.0,4.0,5.0,0.0,3.0,145000.0,0.0
10.0,8.0,98000.0,3.0,0.0,5.0,0.0,2.0,180000.0,0.0
15.0,7.0,110000.0,4.0,4.0,5.0,0.0,1.0,250000.0,0.0
10.0,18.0,40980.0,3.0,0.0,5.0,0.0,1.0,425000.0,0.0
11.0,14.0,110000.0,4.0,7.0,5.0,0.0,3.0,350000.0,0.0
12.0,14.0,120000.0,4.0,7.0,5.0,0.0,3.0,270000.0,0.0
16.0,22.0,93000.0,3.0,4.0,5.0,0.0,2.0,250000.0,0.0
12.0,12.0,73286.0,3.0,1.0,5.0,0.0,1.0,290000.0,0.0
19.0,8.0,70000.0,3.0,0.0,5.0,0.0,4.0,70000.0,0.0
9.0,8.0,53399.0,3.0,0.0,5.0,0.0,1.0,325678.0,0.0
21.0,23.0,880000.0,3.0,4.0,0.0,0.0,3.0,140000.0,0.0
11.0,7.0,137500.0,4.0,1.0,5.0,0.0,2.0,150000.0,0.0
10.0,12.0,32972.0,3.0,1.0,5.0,7.0,1.0,410000.0,0.0
4.0,8.0,85000.0,2.0,6.0,5.0,0.0,1.0,370000.0,0.0
12.0,12.0,47152.0,3.0,0.0,5.0,7.0,2.0,307000.0,0.0
11.0,9.0,86000.0,4.0,7.0,7.0,0.0,3.0,400000.0,0.0
19.0,8.0,185000.0,3.0,0.0,5.0,0.0,3.0,50000.0,0.0
11.0,12.0,127000.0,3.0,4.0,5.0,0.0,3.0,290000.0,0.0
14.0,12.0,79000.0,3.0,4.0,5.0,0.0,3.0,300000.0,0.0
9.0,12.0,105000.0,4.0,4.0,5.0,0.0,1.0,350000.0,0.0
5.0,8.0,71484.0,2.0,0.0,4.0,0.0,1.0,475000.0,0.0
10.0,12.0,92837.0,3.0,4.0,5.0,0.0,1.0,358000.0,0.0
15.0,8.0,65000.0,3.0,0.0,5.0,0.0,2.0,175000.0,0.0
13.0,12.0,41000.0,3.0,0.0,5.0,0.0,2.0,295000.0,0.0
12.0,14.0,170000.0,4.0,7.0,5.0,0.0,3.0,350000.0,0.0
13.0,7.0,100000.0,4.0,4.0,5.0,0.0,2.0,100000.0,0.0
15.0,8.0,100000.0,3.0,0.0,5.0,0.0,2.0,100000.0,0.0
10.0,10.0,75800.0,3.0,1.0,5.0,0.0,2.0,375000.0,0.0
12.0,11.0,81000.0,4.0,7.0,5.0,0.0,2.0,500000.0,0.0
10.0,8.0,108000.0,3.0,0.0,5.0,0.0,2.0,150000.0,0.0
3.0,7.0,47386.0,3.0,0.0,5.0,0.0,1.0,447000.0,0.0
6.0,8.0,40000.0,3.0,0.0,5.0,0.0,2.0,450000.0,0.0
16.0,8.0,80000.0,1.0,0.0,5.0,0.0,2.0,130000.0,0.0
12.0,10.0,52000.0,3.0,4.0,5.0,0.0,2.0,320000.0,0.0
13.0,9.0,230000.0,4.0,4.0,5.0,0.0,2.0,255000.0,0.0
1.0,8.0,50000.0,3.0,0.0,5.0,0.0,2.0,500000.0,0.0
8.0,12.0,74033.0,3.0,0.0,5.0,0.0,1.0,450000.0,0.0
14.0,10.0,39000.0,3.0,0.0,5.0,0.0,1.0,211000.0,0.0
10.0,11.0,100000.0,4.0,7.0,5.0,0.0,2.0,320000.0,0.0
11.0,13.0,100000.0,4.0,7.0,5.0,0.0,2.0,350000.0,0.0
9.0,10.0,100000.0,4.0,0.0,5.0,0.0,5.0,350000.0,0.0
11.0,10.0,82600.0,3.0,0.0,5.0,0.0,1.0,350000.0,0.0
4.0,7.0,60000.0,3.0,1.0,5.0,2.0,1.0,350000.0,0.0
11.0,22.0,70000.0,3.0,0.0,5.0,0.0,2.0,325000.0,0.0
9.0,11.0,29245.0,3.0,0.0,5.0,0.0,1.0,300000.0,0.0
0.0,8.0,9999.0,3.0,4.0,5.0,0.0,1.0,500000.0,0.0
10.0,10.0,95000.0,3.0,0.0,5.0,0.0,1.0,365000.0,0.0
17.0,10.0,70000.0,3.0,0.0,5.0,0.0,1.0,120000.0,0.0
14.0,9.0,120700.0,4.0,7.0,7.0,0.0,1.0,500000.0,0.0
14.0,8.0,100000.0,3.0,0.0,5.0,0.0,3.0,150000.0,0.0
12.0,10.0,32030.0,3.0,0.0,5.0,0.0,1.0,277000.0,0.0
14.0,8.0,19891.0,4.0,0.0,5.0,0.0,5.0,200000.0,0.0
14.0,10.0,37000.0,3.0,0.0,5.0,0.0,1.0,100000.0,0.0
13.0,12.0,69278.0,3.0,0.0,5.0,0.0,2.0,180000.0,0.0
12.0,7.0,120000.0,4.0,0.0,5.0,0.0,1.0,120000.0,0.0
9.0,12.0,74161.0,3.0,0.0,5.0,0.0,1.0,325000.0,0.0
12.0,10.0,78117.0,4.0,4.0,5.0,7.0,1.0,487000.0,0.0
15.0,8.0,95000.0,3.0,0.0,5.0,0.0,1.0,100000.0,0.0
20.0,10.0,60000.0,3.0,0.0,5.0,4.0,5.0,50000.0,0.0
8.0,8.0,150000.0,4.0,7.0,5.0,0.0,1.0,500000.0,0.0
14.0,7.0,100000.0,4.0,0.0,5.0,0.0,1.0,100000.0,0.0
7.0,10.0,36562.0,3.0,0.0,5.0,0.0,1.0,454000.0,0.0
17.0,8.0,242000.0,4.0,0.0,5.0,0.0,3.0,300000.0,0.0
7.0,11.0,45000.0,3.0,0.0,5.0,0.0,1.0,210000.0,0.0
6.0,9.0,47900.0,3.0,3.0,6.0,0.0,2.0,350000.0,0.0
6.0,8.0,20000.0,3.0,0.0,5.0,2.0,1.0,450000.0,0.0
11.0,22.0,210000.0,3.0,4.0,5.0,0.0,3.0,350000.0,0.0
7.0,8.0,7000.0,3.0,0.0,5.0,0.0,1.0,325000.0,0.0
5.0,7.0,55426.0,3.0,0.0,5.0,0.0,1.0,460000.0,0.0
8.0,8.0,112500.0,4.0,4.0,5.0,0.0,1.0,500000.0,0.0
8.0,10.0,65000.0,3.0,0.0,5.0,0.0,1.0,450000.0,0.0
8.0,13.0,60500.0,3.0,4.0,5.0,0.0,1.0,375000.0,0.0
8.0,10.0,88463.0,3.0,0.0,5.0,0.0,1.0,404490.0,0.0
8.0,8.0,44000.0,3.0,0.0,5.0,0.0,1.0,490000.0,0.0
12.0,18.0,185000.0,4.0,0.0,5.0,0.0,1.0,225000.0,0.0
7.0,8.0,54370.0,3.0,1.0,5.0,0.0,2.0,495000.0,0.0
14.0,6.0,80000.0,3.0,0.0,5.0,0.0,6.0,95000.0,0.0
7.0,8.0,250000.0,2.0,0.0,5.0,0.0,1.0,381281.0,0.0
10.0,18.0,20580.0,3.0,0.0,5.0,0.0,1.0,450000.0,0.0
7.0,22.0,67570.0,3.0,4.0,5.0,0.0,1.0,500000.0,0.0
7.0,8.0,19580.0,3.0,0.0,5.0,0.0,1.0,325000.0,0.0
12.0,8.0,45800.0,3.0,0.0,5.0,0.0,1.0,148000.0,0.0
12.0,8.0,162500.0,4.0,7.0,7.0,0.0,1.0,450000.0,0.0
8.0,2.0,78200.0,4.0,7.0,7.0,0.0,1.0,400000.0,0.0
16.0,7.0,100000.0,4.0,0.0,5.0,0.0,2.0,50000.0,0.0
11.0,10.0,86500.0,3.0,0.0,5.0,0.0,2.0,92000.0,0.0
11.0,8.0,250000.0,3.0,0.0,5.0,0.0,1.0,150000.0,0.0
10.0,9.0,250000.0,4.0,7.0,7.0,0.0,2.0,350000.0,0.0
8.0,8.0,77400.0,3.0,0.0,5.0,0.0,1.0,455000.0,0.0
13.0,7.0,157000.0,4.0,0.0,5.0,0.0,5.0,155000.0,0.0
13.0,9.0,173000.0,4.0,7.0,8.0,0.0,3.0,240000.0,0.0
3.0,8.0,100000.0,2.0,0.0,5.0,0.0,1.0,400000.0,0.0
11.0,10.0,59350.0,3.0,1.0,5.0,0.0,1.0,310000.0,0.0
6.0,8.0,58182.0,3.0,0.0,5.0,0.0,2.0,450000.0,0.0
3.0,8.0,68000.0,3.0,0.0,5.0,0.0,1.0,500000.0,0.0
13.0,6.0,55000.0,4.0,0.0,5.0,0.0,3.0,117957.0,0.0
3.0,8.0,32352.0,3.0,0.0,5.0,0.0,1.0,425000.0,0.0
8.0,8.0,47420.0,3.0,0.0,5.0,0.0,1.0,360000.0,0.0
9.0,8.0,55000.0,3.0,0.0,5.0,0.0,3.0,326844.0,0.0
18.0,10.0,185000.0,4.0,4.0,5.0,0.0,2.0,150000.0,0.0
8.0,7.0,85000.0,4.0,0.0,5.0,0.0,1.0,500000.0,0.0
10.0,10.0,72000.0,3.0,0.0,5.0,0.0,1.0,395000.0,0.0
8.0,10.0,31000.0,3.0,0.0,5.0,0.0,1.0,475000.0,0.0
10.0,11.0,120000.0,4.0,7.0,8.0,0.0,2.0,350000.0,0.0
12.0,12.0,60000.0,3.0,4.0,5.0,0.0,2.0,425000.0,0.0
7.0,8.0,86000.0,3.0,0.0,5.0,0.0,2.0,325000.0,0.0
10.0,10.0,95000.0,4.0,0.0,5.0,0.0,1.0,365000.0,0.0
4.0,8.0,9966.0,3.0,0.0,5.0,0.0,1.0,500000.0,0.0
12.0,8.0,87000.0,4.0,0.0,5.0,0.0,5.0,350000.0,0.0
8.0,9.0,53000.0,3.0,0.0,6.0,0.0,2.0,400000.0,0.0
8.0,22.0,180000.0,4.0,0.0,5.0,0.0,1.0,350000.0,0.0
14.0,8.0,112500.0,4.0,0.0,5.0,0.0,3.0,196610.0,0.0
16.0,10.0,87000.0,3.0,0.0,5.0,0.0,1.0,200000.0,0.0
7.0,10.0,90000.0,3.0,0.0,5.0,0.0,1.0,500000.0,0.0
8.0,10.0,65000.0,3.0,0.0,5.0,0.0,1.0,500000.0,0.0
12.0,12.0,50000.0,3.0,4.0,5.0,0.0,2.0,280000.0,0.0
12.0,8.0,116000.0,4.0,0.0,5.0,0.0,2.0,285000.0,0.0
12.0,12.0,160000.0,3.0,4.0,5.0,0.0,2.0,400000.0,0.0
15.0,10.0,37000.0,3.0,0.0,5.0,0.0,2.0,200000.0,0.0
7.0,10.0,96000.0,4.0,1.0,5.0,0.0,2.0,420000.0,0.0
9.0,11.0,16500.0,3.0,0.0,5.0,0.0,2.0,300000.0,0.0
8.0,7.0,62000.0,3.0,7.0,5.0,0.0,1.0,500000.0,0.0
13.0,7.0,106555.0,4.0,0.0,5.0,0.0,3.0,100000.0,0.0
18.0,9.0,300000.0,4.0,7.0,7.0,0.0,1.0,350000.0,0.0
11.0,8.0,80000.0,3.0,0.0,5.0,0.0,3.0,220000.0,0.0
11.0,8.0,76315.0,4.0,4.0,5.0,0.0,1.0,290000.0,0.0
11.0,9.0,149542.0,4.0,7.0,7.0,0.0,3.0,420000.0,0.0
16.0,8.0,100000.0,3.0,0.0,5.0,0.0,2.0,110000.0,0.0
13.0,8.0,75000.0,4.0,0.0,5.0,0.0,3.0,250000.0,0.0
10.0,8.0,119299.0,4.0,0.0,5.0,0.0,1.0,420000.0,0.0
3.0,8.0,6500.0,3.0,0.0,5.0,0.0,1.0,500000.0,0.0
13.0,8.0,70500.0,3.0,0.0,5.0,0.0,2.0,200000.0,0.0
7.0,8.0,67000.0,3.0,0.0,5.0,0.0,2.0,300000.0,0.0
13.0,9.0,45000.0,4.0,7.0,7.0,0.0,1.0,450000.0,0.0
12.0,8.0,47036.0,3.0,0.0,5.0,0.0,2.0,175000.0,0.0
11.0,8.0,87249.0,4.0,0.0,5.0,0.0,2.0,460000.0,0.0
19.0,8.0,60000.0,3.0,0.0,0.0,0.0,3.0,60000.0,0.0
7.0,8.0,57250.0,3.0,0.0,5.0,0.0,1.0,350000.0,0.0
14.0,7.0,200000.0,4.0,4.0,5.0,0.0,2.0,120000.0,0.0
6.0,10.0,45000.0,3.0,0.0,5.0,0.0,1.0,350000.0,0.0
8.0,11.0,85000.0,4.0,7.0,8.0,0.0,2.0,350000.0,0.0
10.0,10.0,145000.0,3.0,0.0,5.0,0.0,2.0,300000.0,0.0
11.0,10.0,85000.0,4.0,0.0,5.0,0.0,3.0,260000.0,0.0
8.0,10.0,56131.0,3.0,0.0,5.0,0.0,2.0,349000.0,0.0
12.0,18.0,52100.0,4.0,4.0,5.0,0.0,2.0,199500.0,0.0
8.0,10.0,69000.0,3.0,0.0,5.0,0.0,2.0,450000.0,0.0
13.0,13.0,85000.0,4.0,4.0,5.0,0.0,2.0,250000.0,0.0
23.0,8.0,104000.0,3.0,0.0,0.0,0.0,5.0,125000.0,0.0
3.0,8.0,60000.0,3.0,0.0,5.0,2.0,1.0,450000.0,0.0
8.0,8.0,23000.0,3.0,0.0,5.0,0.0,2.0,450000.0,0.0
10.0,8.0,90000.0,2.0,0.0,5.0,0.0,2.0,230000.0,0.0
7.0,8.0,59397.0,4.0,0.0,5.0,0.0,1.0,480000.0,0.0
18.0,12.0,142000.0,3.0,4.0,5.0,7.0,5.0,80000.0,0.0
5.0,8.0,52805.0,3.0,0.0,5.0,0.0,1.0,345000.0,0.0
11.0,10.0,59000.0,3.0,0.0,5.0,0.0,2.0,200000.0,0.0
6.0,10.0,30123.0,4.0,0.0,5.0,0.0,1.0,455001.0,0.0
7.0,8.0,101000.0,3.0,6.0,5.0,0.0,2.0,225000.0,0.0
12.0,18.0,83000.0,4.0,0.0,5.0,0.0,3.0,190000.0,0.0
10.0,9.0,118000.0,4.0,7.0,7.0,0.0,2.0,500000.0,0.0
11.0,12.0,108190.0,3.0,4.0,5.0,0.0,1.0,225000.0,0.0
0.0,8.0,100000.0,3.0,0.0,5.0,0.0,2.0,500000.0,0.0
11.0,10.0,120000.0,4.0,4.0,5.0,0.0,3.0,350000.0,0.0
5.0,12.0,47000.0,4.0,7.0,7.0,0.0,3.0,495000.0,0.0
11.0,6.0,103000.0,4.0,0.0,5.0,0.0,1.0,200000.0,0.0
11.0,10.0,71262.0,4.0,1.0,5.0,0.0,1.0,310000.0,0.0
12.0,10.0,58000.0,4.0,4.0,5.0,0.0,1.0,375000.0,0.0
7.0,22.0,88562.0,3.0,4.0,5.0,0.0,1.0,427000.0,0.0
2.0,8.0,16332.0,3.0,0.0,5.0,0.0,1.0,470000.0,0.0
14.0,18.0,82000.0,4.0,0.0,5.0,0.0,2.0,350000.0,0.0
7.0,8.0,80000.0,3.0,0.0,5.0,0.0,1.0,250000.0,0.0
15.0,8.0,55000.0,3.0,4.0,5.0,0.0,1.0,290000.0,0.0
10.0,8.0,50000.0,3.0,0.0,5.0,0.0,2.0,220000.0,0.0
5.0,8.0,77450.0,3.0,6.0,5.0,0.0,1.0,480000.0,0.0
8.0,10.0,51000.0,3.0,0.0,5.0,0.0,3.0,250000.0,0.0
14.0,10.0,68950.0,3.0,0.0,5.0,0.0,1.0,250000.0,0.0
12.0,11.0,112500.0,4.0,4.0,5.0,0.0,1.0,275052.0,0.0
9.0,14.0,67200.0,4.0,7.0,5.0,0.0,1.0,430000.0,0.0
8.0,10.0,75000.0,3.0,0.0,5.0,0.0,2.0,495000.0,0.0
14.0,8.0,108000.0,2.0,4.0,5.0,0.0,5.0,200000.0,0.0
12.0,11.0,140000.0,4.0,0.0,5.0,0.0,1.0,200000.0,0.0
7.0,8.0,100000.0,3.0,0.0,5.0,0.0,1.0,330000.0,0.0
9.0,9.0,112500.0,4.0,7.0,7.0,0.0,3.0,471120.0,0.0
9.0,11.0,42000.0,3.0,0.0,5.0,0.0,4.0,210000.0,0.0
8.0,10.0,55000.0,3.0,0.0,5.0,0.0,1.0,200000.0,0.0
11.0,10.0,180000.0,4.0,1.0,5.0,0.0,3.0,300000.0,0.0
13.0,8.0,100000.0,3.0,0.0,5.0,0.0,3.0,70000.0,0.0
10.0,17.0,71000.0,4.0,4.0,5.0,7.0,1.0,465000.0,0.0
5.0,8.0,55000.0,3.0,0.0,5.0,0.0,1.0,285000.0,0.0
13.0,10.0,100000.0,3.0,0.0,5.0,0.0,3.0,215000.0,0.0
11.0,10.0,35330.0,3.0,0.0,5.0,0.0,1.0,310000.0,0.0
12.0,8.0,80998.0,3.0,0.0,5.0,0.0,1.0,285500.0,0.0
9.0,1.0,21000.0,3.0,0.0,5.0,0.0,1.0,250000.0,0.0
11.0,10.0,120500.0,4.0,1.0,5.0,0.0,2.0,350000.0,0.0
7.0,11.0,51000.0,3.0,0.0,5.0,2.0,2.0,370000.0,0.0
11.0,7.0,95000.0,4.0,1.0,5.0,0.0,3.0,200000.0,0.0
11.0,10.0,48000.0,3.0,0.0,5.0,0.0,1.0,385000.0,0.0
8.0,8.0,40796.0,3.0,0.0,5.0,0.0,2.0,375000.0,0.0
19.0,8.0,45000.0,3.0,0.0,5.0,0.0,2.0,227608.0,0.0
5.0,8.0,102000.0,3.0,6.0,5.0,0.0,1.0,450000.0,0.0
13.0,22.0,53000.0,3.0,4.0,5.0,0.0,1.0,300000.0,0.0
8.0,8.0,50895.0,3.0,0.0,5.0,2.0,1.0,370000.0,0.0
7.0,10.0,96000.0,3.0,0.0,5.0,0.0,1.0,450000.0,0.0
20.0,7.0,90000.0,4.0,0.0,0.0,0.0,2.0,350000.0,0.0
12.0,10.0,250000.0,4.0,0.0,5.0,0.0,4.0,270000.0,0.0
11.0,10.0,47976.0,3.0,0.0,5.0,0.0,2.0,342863.0,0.0
9.0,18.0,135000.0,4.0,4.0,5.0,7.0,2.0,400000.0,0.0
5.0,8.0,20159.0,3.0,0.0,5.0,2.0,1.0,389720.0,0.0
15.0,8.0,100680.0,1.0,0.0,5.0,0.0,1.0,150000.0,0.0
10.0,8.0,83000.0,3.0,4.0,5.0,0.0,2.0,450000.0,0.0
6.0,11.0,55000.0,3.0,5.0,7.0,0.0,2.0,500000.0,0.0
11.0,8.0,229000.0,4.0,0.0,5.0,0.0,2.0,342452.0,0.0
6.0,10.0,24639.0,3.0,0.0,5.0,0.0,1.0,411000.0,0.0
8.0,8.0,21000.0,3.0,0.0,5.0,7.0,1.0,300000.0,0.0
6.0,8.0,84000.0,3.0,0.0,5.0,0.0,1.0,415000.0,0.0
17.0,10.0,11000.0,3.0,0.0,5.0,0.0,5.0,131786.0,0.0
12.0,10.0,700.0,4.0,4.0,5.0,0.0,1.0,500000.0,0.0
1.0,7.0,40000.0,3.0,3.0,5.0,2.0,1.0,500000.0,0.0
9.0,10.0,180000.0,4.0,1.0,5.0,0.0,1.0,260000.0,0.0
17.0,22.0,250000.0,4.0,7.0,7.0,0.0,3.0,350000.0,0.0
10.0,1.0,95000.0,3.0,0.0,7.0,0.0,1.0,242917.0,0.0
11.0,10.0,71365.0,4.0,4.0,5.0,0.0,1.0,385000.0,0.0
11.0,8.0,225000.0,4.0,0.0,5.0,0.0,2.0,300000.0,0.0
2.0,8.0,54474.0,3.0,0.0,5.0,0.0,1.0,480000.0,0.0
2.0,8.0,70000.0,2.0,6.0,5.0,0.0,1.0,500000.0,0.0
12.0,10.0,60000.0,3.0,0.0,5.0,0.0,3.0,250000.0,0.0
8.0,10.0,120000.0,4.0,0.0,5.0,0.0,1.0,475000.0,0.0
13.0,12.0,75000.0,3.0,4.0,5.0,7.0,3.0,200000.0,0.0
11.0,7.0,113000.0,4.0,7.0,7.0,0.0,3.0,150000.0,0.0
10.0,12.0,74000.0,4.0,1.0,5.0,0.0,1.0,475000.0,0.0
10.0,11.0,101561.0,3.0,0.0,5.0,0.0,4.0,110000.0,0.0
11.0,12.0,82726.0,4.0,1.0,5.0,0.0,1.0,374999.0,0.0
9.0,8.0,123000.0,3.0,0.0,5.0,0.0,3.0,280000.0,0.0
7.0,8.0,100000.0,3.0,1.0,5.0,0.0,3.0,350000.0,0.0
12.0,8.0,50000.0,4.0,4.0,5.0,0.0,2.0,200000.0,0.0
9.0,9.0,121000.0,4.0,7.0,7.0,0.0,1.0,430000.0,0.0
10.0,12.0,140000.0,4.0,4.0,5.0,0.0,3.0,475000.0,0.0
11.0,12.0,38000.0,3.0,0.0,5.0,0.0,1.0,435000.0,0.0
5.0,8.0,72000.0,3.0,0.0,5.0,0.0,1.0,500000.0,0.0
9.0,12.0,83023.0,4.0,4.0,5.0,0.0,2.0,390000.0,0.0
10.0,10.0,140000.0,4.0,0.0,5.0,0.0,1.0,320000.0,0.0
11.0,8.0,57902.0,3.0,0.0,5.0,0.0,1.0,255000.0,0.0
8.0,8.0,49000.0,3.0,0.0,5.0,2.0,1.0,460000.0,0.0
16.0,8.0,156000.0,4.0,0.0,5.0,0.0,2.0,140000.0,0.0
10.0,18.0,180000.0,4.0,4.0,5.0,7.0,2.0,350000.0,0.0
11.0,12.0,104000.0,4.0,4.0,5.0,0.0,3.0,300000.0,0.0
6.0,10.0,69000.0,3.0,0.0,5.0,0.0,1.0,380000.0,0.0
8.0,12.0,72000.0,4.0,7.0,5.0,0.0,2.0,490000.0,0.0
8.0,10.0,21000.0,3.0,0.0,5.0,7.0,1.0,490000.0,0.0
7.0,8.0,32298.0,3.0,0.0,5.0,0.0,1.0,425000.0,0.0
10.0,9.0,79935.0,4.0,4.0,5.0,0.0,2.0,150000.0,0.0
7.0,8.0,40000.0,3.0,0.0,5.0,0.0,1.0,250000.0,0.0
10.0,8.0,81000.0,3.0,0.0,5.0,0.0,4.0,220000.0,0.0
10.0,8.0,100000.0,3.0,4.0,5.0,0.0,2.0,400000.0,0.0
7.0,8.0,84000.0,3.0,6.0,5.0,0.0,1.0,380000.0,0.0
0.0,7.0,100000.0,3.0,0.0,5.0,0.0,1.0,500000.0,0.0
14.0,18.0,117000.0,3.0,4.0,0.0,0.0,3.0,300000.0,0.0
17.0,8.0,118000.0,3.0,4.0,5.0,0.0,2.0,200000.0,0.0
14.0,17.0,90000.0,3.0,4.0,5.0,7.0,1.0,450000.0,0.0
13.0,8.0,51365.0,3.0,0.0,5.0,0.0,1.0,180000.0,0.0
12.0,8.0,180000.0,2.0,6.0,5.0,0.0,3.0,245000.0,0.0
10.0,8.0,227889.0,4.0,7.0,7.0,0.0,2.0,455000.0,0.0
13.0,9.0,115000.0,4.0,7.0,7.0,0.0,5.0,350000.0,0.0
10.0,9.0,58000.0,4.0,7.0,7.0,0.0,1.0,400000.0,0.0
13.0,11.0,185000.0,4.0,7.0,5.0,0.0,2.0,285000.0,0.0
4.0,8.0,27000.0,3.0,0.0,5.0,0.0,1.0,450000.0,0.0
5.0,10.0,65000.0,3.0,0.0,5.0,0.0,1.0,475000.0,0.0
7.0,12.0,109000.0,3.0,1.0,5.0,0.0,1.0,300000.0,0.0
7.0,8.0,51000.0,3.0,0.0,5.0,0.0,3.0,435000.0,0.0
12.0,8.0,70000.0,3.0,0.0,5.0,0.0,1.0,250000.0,0.0
7.0,8.0,150000.0,3.0,0.0,5.0,0.0,1.0,350000.0,0.0
10.0,10.0,88000.0,3.0,4.0,5.0,0.0,1.0,450000.0,0.0
13.0,10.0,129000.0,3.0,0.0,5.0,0.0,5.0,200000.0,0.0
10.0,8.0,67000.0,3.0,0.0,5.0,0.0,3.0,250000.0,0.0
17.0,8.0,120000.0,4.0,0.0,5.0,0.0,2.0,300000.0,0.0
11.0,17.0,110000.0,4.0,4.0,5.0,0.0,2.0,200000.0,0.0
4.0,7.0,40000.0,3.0,3.0,5.0,2.0,5.0,500000.0,0.0
7.0,8.0,84243.0,3.0,0.0,5.0,2.0,1.0,450000.0,0.0
5.0,8.0,98500.0,3.0,6.0,5.0,0.0,1.0,500000.0,0.0
17.0,9.0,180000.0,4.0,7.0,7.0,0.0,3.0,190000.0,0.0
9.0,10.0,112500.0,3.0,0.0,5.0,0.0,2.0,430000.0,0.0
1.0,8.0,50000.0,2.0,0.0,5.0,0.0,1.0,500000.0,0.0
9.0,22.0,17000.0,3.0,4.0,5.0,0.0,1.0,300000.0,0.0
13.0,8.0,120000.0,4.0,0.0,5.0,0.0,2.0,300000.0,0.0
6.0,8.0,55385.0,2.0,0.0,5.0,0.0,1.0,445000.0,0.0
13.0,8.0,100000.0,3.0,0.0,5.0,0.0,1.0,150000.0,0.0
15.0,6.0,235000.0,3.0,0.0,5.0,0.0,2.0,150000.0,0.0
9.0,10.0,36674.0,3.0,0.0,5.0,0.0,1.0,495000.0,0.0
10.0,12.0,69075.0,4.0,0.0,5.0,0.0,1.0,425000.0,0.0
11.0,8.0,137500.0,3.0,0.0,5.0,0.0,2.0,150000.0,0.0
5.0,8.0,54000.0,3.0,0.0,5.0,0.0,2.0,335000.0,0.0
18.0,8.0,164000.0,3.0,0.0,5.0,0.0,2.0,100000.0,0.0
8.0,8.0,72000.0,3.0,0.0,5.0,0.0,1.0,285000.0,0.0
14.0,8.0,142000.0,4.0,4.0,5.0,0.0,2.0,250000.0,0.0
7.0,11.0,32000.0,3.0,0.0,5.0,0.0,2.0,240000.0,0.0
5.0,8.0,52000.0,3.0,0.0,5.0,2.0,1.0,490000.0,0.0
11.0,10.0,50000.0,3.0,0.0,5.0,0.0,1.0,400000.0,0.0
7.0,10.0,58000.0,3.0,0.0,5.0,0.0,1.0,450000.0,0.0
14.0,10.0,73000.0,3.0,0.0,5.0,0.0,2.0,190000.0,0.0
11.0,11.0,95625.0,4.0,7.0,5.0,0.0,1.0,411000.0,0.0
10.0,10.0,125468.0,3.0,0.0,5.0,0.0,2.0,395000.0,0.0
5.0,8.0,137500.0,3.0,0.0,5.0,0.0,1.0,400000.0,0.0
12.0,10.0,95000.0,3.0,0.0,5.0,0.0,1.0,150000.0,0.0
8.0,8.0,70000.0,3.0,1.0,5.0,0.0,1.0,470000.0,0.0
24.0,8.0,250000.0,3.0,0.0,5.0,0.0,3.0,50000.0,0.0
8.0,10.0,10100.0,3.0,1.0,5.0,0.0,1.0,435000.0,0.0
6.0,7.0,57000.0,3.0,0.0,5.0,0.0,1.0,500000.0,0.0
9.0,8.0,100000.0,4.0,7.0,5.0,0.0,2.0,450000.0,0.0
13.0,10.0,81000.0,3.0,0.0,5.0,0.0,1.0,125000.0,0.0
11.0,9.0,112500.0,4.0,7.0,7.0,0.0,2.0,350000.0,0.0
10.0,8.0,20062.0,3.0,4.0,5.0,0.0,1.0,485000.0,0.0
15.0,10.0,155000.0,4.0,4.0,5.0,0.0,2.0,300000.0,0.0
12.0,12.0,71365.0,3.0,0.0,5.0,0.0,1.0,218000.0,0.0
9.0,8.0,100000.0,4.0,0.0,5.0,0.0,3.0,450000.0,0.0
19.0,10.0,93000.0,3.0,0.0,5.0,0.0,2.0,200000.0,0.0
5.0,11.0,38753.0,3.0,0.0,5.0,0.0,1.0,395000.0,0.0
6.0,8.0,137500.0,3.0,0.0,5.0,0.0,1.0,350000.0,0.0
12.0,6.0,85000.0,4.0,4.0,5.0,0.0,2.0,350000.0,0.0
7.0,14.0,112500.0,4.0,0.0,0.0,0.0,1.0,500000.0,0.0
8.0,10.0,60000.0,3.0,0.0,5.0,0.0,1.0,420000.0,0.0
7.0,8.0,140000.0,4.0,1.0,5.0,0.0,1.0,450000.0,0.0
13.0,6.0,121000.0,4.0,0.0,5.0,0.0,2.0,40000.0,0.0
7.0,18.0,49000.0,3.0,0.0,5.0,0.0,1.0,480000.0,0.0
12.0,8.0,100005.0,3.0,0.0,5.0,0.0,2.0,130000.0,0.0
16.0,6.0,122000.0,1.0,0.0,5.0,0.0,3.0,125000.0,0.0
7.0,10.0,31000.0,3.0,0.0,5.0,0.0,2.0,260000.0,0.0
16.0,8.0,85000.0,3.0,0.0,5.0,0.0,4.0,90000.0,0.0
12.0,9.0,124000.0,4.0,7.0,7.0,0.0,4.0,450000.0,0.0
9.0,7.0,46214.0,3.0,0.0,5.0,0.0,2.0,110000.0,0.0
17.0,8.0,94450.0,4.0,0.0,5.0,0.0,4.0,195000.0,0.0
6.0,8.0,62000.0,3.0,0.0,5.0,0.0,2.0,300582.0,0.0
10.0,11.0,89000.0,4.0,7.0,5.0,0.0,2.0,360000.0,0.0
7.0,10.0,70000.0,3.0,0.0,5.0,0.0,1.0,480000.0,0.0
12.0,9.0,117580.0,4.0,7.0,7.0,0.0,4.0,250000.0,0.0
7.0,10.0,37230.0,3.0,0.0,5.0,0.0,3.0,460000.0,0.0
10.0,12.0,64706.0,3.0,4.0,5.0,0.0,2.0,419000.0,0.0
11.0,12.0,78293.0,3.0,4.0,5.0,0.0,1.0,375000.0,0.0
9.0,12.0,61372.0,3.0,4.0,5.0,0.0,2.0,493190.0,0.0
10.0,14.0,118000.0,4.0,7.0,5.0,0.0,1.0,380000.0,0.0
16.0,6.0,110000.0,3.0,0.0,5.0,0.0,4.0,106890.0,0.0
2.0,8.0,17148.0,3.0,0.0,5.0,2.0,1.0,494000.0,0.0
2.0,8.0,30000.0,3.0,0.0,5.0,0.0,1.0,350000.0,0.0
6.0,9.0,50000.0,4.0,7.0,7.0,0.0,1.0,480000.0,0.0
13.0,10.0,93000.0,4.0,4.0,5.0,7.0,3.0,290000.0,0.0
7.0,1.0,61000.0,3.0,0.0,7.0,0.0,1.0,350000.0,0.0
8.0,10.0,43500.0,3.0,0.0,5.0,0.0,2.0,360000.0,0.0
16.0,7.0,130000.0,4.0,0.0,5.0,0.0,2.0,80000.0,0.0
5.0,8.0,21000.0,3.0,0.0,5.0,0.0,1.0,500000.0,0.0
7.0,8.0,63000.0,3.0,0.0,5.0,7.0,1.0,325000.0,0.0
16.0,8.0,147000.0,3.0,4.0,5.0,0.0,3.0,165000.0,0.0
15.0,8.0,52000.0,3.0,0.0,5.0,0.0,3.0,150000.0,0.0
11.0,11.0,250000.0,4.0,7.0,5.0,0.0,2.0,389546.0,0.0
10.0,8.0,58800.0,3.0,0.0,5.0,0.0,1.0,200000.0,0.0
13.0,8.0,100000.0,4.0,0.0,5.0,0.0,2.0,100000.0,0.0
14.0,10.0,80000.0,3.0,0.0,5.0,0.0,3.0,199999.0,0.0
11.0,8.0,20000.0,3.0,6.0,0.0,0.0,1.0,160000.0,0.0
10.0,1.0,75000.0,3.0,0.0,7.0,0.0,6.0,195000.0,0.0
10.0,10.0,55000.0,1.0,0.0,5.0,0.0,2.0,300000.0,0.0
7.0,11.0,54465.0,3.0,0.0,5.0,0.0,2.0,350000.0,0.0
7.0,8.0,110000.0,3.0,0.0,5.0,0.0,1.0,500000.0,0.0
11.0,8.0,36000.0,3.0,0.0,5.0,0.0,2.0,250000.0,0.0
3.0,8.0,60000.0,3.0,0.0,5.0,0.0,1.0,350000.0,0.0
7.0,11.0,8002.0,3.0,0.0,5.0,0.0,1.0,325000.0,0.0
9.0,8.0,82000.0,3.0,0.0,5.0,0.0,3.0,260000.0,0.0
7.0,14.0,60000.0,4.0,7.0,5.0,0.0,1.0,500000.0,0.0
13.0,6.0,68000.0,4.0,0.0,5.0,0.0,2.0,100000.0,0.0
8.0,14.0,98000.0,4.0,7.0,5.0,0.0,1.0,450000.0,0.0
10.0,14.0,54000.0,3.0,1.0,5.0,7.0,1.0,275000.0,0.0
8.0,11.0,90000.0,3.0,0.0,5.0,0.0,2.0,199000.0,0.0
11.0,8.0,41888.0,3.0,0.0,5.0,7.0,1.0,380000.0,0.0
7.0,8.0,160000.0,2.0,0.0,5.0,0.0,2.0,250000.0,0.0
12.0,10.0,106424.0,4.0,0.0,5.0,0.0,1.0,365000.0,0.0
5.0,11.0,29354.0,3.0,5.0,7.0,2.0,2.0,450000.0,0.0
15.0,14.0,75000.0,3.0,0.0,5.0,0.0,3.0,100000.0,0.0
14.0,10.0,61000.0,3.0,0.0,5.0,0.0,2.0,215000.0,0.0
9.0,7.0,100000.0,3.0,1.0,5.0,0.0,2.0,250000.0,0.0
11.0,22.0,150000.0,4.0,7.0,8.0,0.0,2.0,500000.0,0.0
7.0,14.0,45000.0,3.0,0.0,5.0,0.0,1.0,425000.0,0.0
2.0,8.0,50000.0,3.0,1.0,5.0,0.0,5.0,400000.0,0.0
12.0,10.0,150000.0,3.0,0.0,5.0,0.0,1.0,150000.0,0.0
11.0,10.0,62000.0,3.0,0.0,5.0,0.0,1.0,420000.0,0.0
9.0,10.0,33277.0,3.0,0.0,5.0,0.0,1.0,440000.0,0.0
7.0,8.0,50000.0,3.0,0.0,5.0,2.0,2.0,490000.0,0.0
8.0,6.0,34000.0,3.0,4.0,5.0,0.0,1.0,450000.0,0.0
9.0,8.0,70000.0,2.0,0.0,5.0,0.0,1.0,250000.0,0.0
14.0,22.0,60200.0,3.0,4.0,5.0,0.0,1.0,368000.0,0.0
8.0,11.0,68000.0,3.0,0.0,5.0,0.0,1.0,249000.0,0.0
15.0,7.0,100000.0,4.0,0.0,5.0,0.0,2.0,70000.0,0.0
12.0,32.0,122270.0,4.0,4.0,0.0,7.0,2.0,450000.0,0.0
7.0,12.0,37856.0,3.0,0.0,5.0,0.0,1.0,480000.0,0.0
9.0,18.0,20210.0,3.0,1.0,5.0,0.0,1.0,417000.0,0.0
4.0,8.0,83000.0,3.0,0.0,5.0,0.0,1.0,500000.0,0.0
10.0,8.0,84000.0,3.0,0.0,5.0,0.0,2.0,325000.0,0.0
10.0,12.0,195000.0,4.0,4.0,5.0,0.0,1.0,350000.0,0.0
2.0,8.0,5000.0,3.0,0.0,5.0,0.0,1.0,400000.0,0.0
9.0,8.0,135000.0,3.0,0.0,5.0,0.0,2.0,400000.0,0.0
4.0,8.0,23143.0,3.0,0.0,5.0,0.0,1.0,430000.0,0.0
13.0,8.0,55000.0,3.0,0.0,5.0,0.0,1.0,175000.0,0.0
17.0,8.0,135000.0,4.0,0.0,5.0,0.0,2.0,150000.0,0.0
6.0,8.0,92107.0,2.0,0.0,5.0,0.0,2.0,483000.0,0.0
18.0,12.0,99000.0,3.0,4.0,5.0,0.0,4.0,120000.0,0.0
12.0,8.0,125000.0,4.0,0.0,5.0,0.0,2.0,375000.0,0.0
3.0,8.0,120000.0,3.0,6.0,7.0,0.0,1.0,480000.0,0.0
11.0,8.0,76437.0,4.0,4.0,5.0,0.0,1.0,290000.0,0.0
3.0,8.0,35000.0,3.0,6.0,5.0,0.0,1.0,499000.0,0.0
14.0,7.0,150000.0,4.0,0.0,5.0,0.0,5.0,90000.0,0.0
11.0,8.0,110000.0,4.0,7.0,7.0,0.0,3.0,400000.0,0.0
15.0,10.0,59000.0,3.0,0.0,5.0,0.0,2.0,230000.0,0.0
9.0,8.0,53185.0,3.0,0.0,5.0,3.0,1.0,429127.0,0.0
7.0,8.0,65000.0,3.0,0.0,5.0,0.0,2.0,300000.0,0.0
17.0,22.0,162500.0,4.0,7.0,8.0,0.0,3.0,300000.0,0.0
8.0,1.0,39000.0,3.0,0.0,5.0,0.0,1.0,180000.0,0.0
6.0,8.0,95000.0,3.0,0.0,5.0,0.0,2.0,290000.0,0.0
11.0,8.0,113000.0,4.0,4.0,5.0,0.0,1.0,350000.0,0.0
10.0,9.0,231560.0,4.0,7.0,7.0,0.0,2.0,400000.0,0.0
5.0,8.0,150000.0,3.0,6.0,5.0,0.0,2.0,400000.0,0.0
9.0,8.0,95000.0,3.0,0.0,5.0,0.0,3.0,280000.0,0.0
5.0,8.0,85000.0,3.0,4.0,5.0,0.0,1.0,450000.0,0.0
14.0,10.0,95000.0,3.0,0.0,5.0,0.0,3.0,150000.0,0.0
12.0,9.0,77362.0,4.0,7.0,7.0,0.0,1.0,285000.0,0.0
12.0,6.0,120000.0,3.0,7.0,7.0,0.0,2.0,170000.0,0.0
14.0,14.0,180000.0,4.0,0.0,5.0,0.0,3.0,170000.0,0.0
15.0,22.0,190000.0,4.0,7.0,8.0,0.0,3.0,420000.0,0.0
4.0,11.0,100000.0,3.0,5.0,7.0,0.0,2.0,420000.0,0.0
9.0,12.0,64700.0,3.0,4.0,5.0,0.0,1.0,475000.0,0.0
13.0,9.0,20000.0,4.0,7.0,7.0,0.0,5.0,100000.0,0.0
13.0,8.0,125000.0,4.0,0.0,5.0,0.0,2.0,220000.0,0.0
7.0,10.0,82600.0,3.0,0.0,5.0,0.0,2.0,370000.0,0.0
11.0,8.0,80000.0,3.0,0.0,5.0,0.0,2.0,300000.0,0.0
5.0,8.0,55000.0,2.0,0.0,5.0,0.0,1.0,300000.0,0.0
9.0,8.0,88000.0,4.0,7.0,5.0,0.0,2.0,400000.0,0.0
7.0,8.0,28000.0,3.0,0.0,5.0,0.0,1.0,315000.0,0.0
7.0,8.0,60000.0,3.0,0.0,5.0,0.0,1.0,350000.0,0.0
12.0,8.0,195000.0,4.0,4.0,5.0,0.0,2.0,300000.0,0.0
4.0,8.0,34000.0,3.0,0.0,5.0,0.0,1.0,400000.0,0.0
13.0,22.0,100134.0,4.0,7.0,8.0,0.0,3.0,375000.0,0.0
12.0,9.0,13200.0,4.0,7.0,5.0,0.0,1.0,485000.0,0.0
12.0,9.0,150000.0,4.0,7.0,7.0,0.0,5.0,160000.0,0.0
10.0,12.0,62000.0,4.0,0.0,5.0,0.0,1.0,350000.0,0.0
11.0,6.0,90000.0,4.0,7.0,8.0,0.0,2.0,355000.0,0.0
12.0,11.0,210000.0,4.0,4.0,5.0,0.0,2.0,200000.0,0.0
15.0,18.0,93000.0,4.0,4.0,5.0,0.0,2.0,280000.0,0.0
14.0,10.0,90700.0,3.0,0.0,5.0,0.0,1.0,200000.0,0.0
8.0,7.0,134000.0,3.0,0.0,5.0,0.0,1.0,350000.0,0.0
6.0,1.0,30000.0,3.0,0.0,5.0,0.0,2.0,250000.0,0.0
9.0,11.0,125000.0,4.0,7.0,5.0,0.0,2.0,300000.0,0.0
3.0,8.0,50787.0,3.0,0.0,5.0,0.0,1.0,430000.0,0.0
8.0,8.0,250000.0,4.0,1.0,5.0,0.0,5.0,485000.0,0.0
10.0,10.0,67000.0,4.0,0.0,5.0,0.0,1.0,375000.0,0.0
15.0,8.0,150000.0,4.0,0.0,5.0,0.0,3.0,150000.0,0.0
11.0,8.0,103000.0,4.0,7.0,7.0,0.0,2.0,450000.0,0.0
8.0,8.0,47000.0,3.0,0.0,5.0,2.0,1.0,390000.0,0.0
14.0,10.0,102000.0,3.0,0.0,5.0,0.0,2.0,250000.0,0.0
7.0,10.0,35000.0,3.0,0.0,5.0,0.0,1.0,400000.0,0.0
7.0,10.0,57000.0,3.0,0.0,5.0,0.0,1.0,435000.0,0.0
9.0,10.0,45000.0,3.0,0.0,5.0,0.0,1.0,335000.0,0.0
11.0,18.0,185000.0,4.0,4.0,5.0,0.0,1.0,350000.0,0.0
19.0,10.0,162500.0,3.0,0.0,5.0,0.0,3.0,118350.0,0.0
5.0,10.0,114000.0,4.0,1.0,5.0,0.0,1.0,450000.0,0.0
9.0,10.0,73156.0,4.0,0.0,5.0,0.0,1.0,350000.0,0.0
15.0,8.0,75000.0,3.0,0.0,5.0,0.0,2.0,300000.0,0.0
9.0,8.0,75000.0,4.0,0.0,5.0,0.0,2.0,318957.0,0.0
6.0,10.0,56000.0,3.0,0.0,5.0,2.0,2.0,415000.0,0.0
6.0,8.0,140000.0,3.0,6.0,7.0,0.0,2.0,440000.0,0.0
13.0,10.0,110000.0,1.0,0.0,5.0,0.0,2.0,210000.0,0.0
6.0,14.0,35208.0,3.0,0.0,5.0,0.0,1.0,485000.0,0.0
8.0,8.0,54851.0,3.0,0.0,5.0,2.0,2.0,290000.0,0.0
6.0,8.0,113000.0,3.0,1.0,5.0,0.0,1.0,500000.0,0.0
11.0,10.0,104026.0,3.0,1.0,5.0,0.0,1.0,420000.0,0.0
7.0,8.0,65000.0,3.0,0.0,5.0,0.0,2.0,260000.0,0.0
5.0,8.0,100220.0,3.0,6.0,5.0,0.0,2.0,499990.0,0.0
8.0,8.0,32000.0,3.0,0.0,5.0,0.0,2.0,375000.0,0.0
13.0,22.0,187500.0,4.0,4.0,5.0,0.0,5.0,455360.0,0.0
12.0,17.0,92000.0,4.0,7.0,5.0,0.0,1.0,200000.0,0.0
13.0,7.0,80000.0,4.0,0.0,5.0,0.0,2.0,200000.0,0.0
11.0,8.0,80000.0,3.0,0.0,4.0,0.0,2.0,210000.0,0.0
14.0,7.0,180000.0,4.0,7.0,7.0,0.0,4.0,200000.0,0.0
8.0,8.0,62828.0,3.0,0.0,5.0,0.0,1.0,460000.0,0.0
14.0,8.0,218000.0,4.0,0.0,5.0,0.0,2.0,210000.0,0.0
18.0,8.0,104000.0,3.0,0.0,5.0,0.0,5.0,130000.0,0.0
8.0,8.0,35000.0,3.0,0.0,5.0,0.0,1.0,401902.0,0.0
14.0,10.0,89000.0,3.0,0.0,5.0,0.0,2.0,160000.0,0.0
16.0,10.0,153000.0,3.0,0.0,5.0,0.0,3.0,110000.0,0.0
10.0,9.0,250000.0,4.0,7.0,7.0,0.0,1.0,450000.0,0.0
14.0,18.0,75000.0,4.0,0.0,5.0,0.0,3.0,200000.0,0.0
6.0,8.0,50000.0,3.0,0.0,5.0,0.0,1.0,425000.0,0.0
0.0,9.0,15000.0,5.0,13.0,5.0,7.0,1.0,200000.0,0.0
10.0,8.0,72000.0,4.0,1.0,5.0,0.0,4.0,280000.0,0.0
10.0,8.0,85744.0,3.0,4.0,5.0,0.0,1.0,485000.0,0.0
12.0,8.0,90000.0,3.0,0.0,5.0,0.0,1.0,150000.0,0.0
8.0,8.0,38353.0,3.0,1.0,5.0,0.0,1.0,499000.0,0.0
12.0,11.0,195000.0,4.0,7.0,5.0,0.0,1.0,450000.0,0.0
6.0,7.0,62000.0,3.0,1.0,5.0,0.0,2.0,295000.0,0.0
17.0,8.0,434800.0,4.0,4.0,5.0,0.0,5.0,200000.0,0.0
10.0,8.0,140000.0,4.0,0.0,5.0,0.0,3.0,350000.0,0.0
10.0,8.0,80560.0,3.0,4.0,5.0,0.0,1.0,370000.0,0.0
12.0,14.0,89000.0,4.0,4.0,5.0,0.0,2.0,165000.0,0.0
7.0,10.0,75000.0,3.0,0.0,5.0,0.0,1.0,480000.0,0.0
19.0,8.0,73000.0,3.0,0.0,5.0,0.0,2.0,200000.0,0.0
9.0,1.0,60000.0,3.0,0.0,7.0,0.0,1.0,350000.0,0.0
7.0,8.0,62000.0,3.0,0.0,5.0,0.0,1.0,360000.0,0.0
14.0,7.0,150000.0,4.0,4.0,5.0,0.0,5.0,150000.0,0.0
13.0,13.0,67000.0,4.0,0.0,5.0,0.0,2.0,235000.0,0.0
8.0,10.0,45000.0,3.0,1.0,5.0,0.0,2.0,380000.0,0.0
13.0,8.0,95000.0,4.0,7.0,7.0,0.0,3.0,469280.0,0.0
10.0,8.0,250000.0,3.0,6.0,5.0,0.0,4.0,187740.0,0.0
6.0,10.0,110000.0,3.0,0.0,5.0,0.0,1.0,130000.0,0.0
14.0,8.0,65000.0,3.0,0.0,5.0,0.0,4.0,190000.0,0.0
9.0,6.0,62186.0,4.0,4.0,5.0,0.0,1.0,500000.0,0.0
9.0,14.0,81000.0,4.0,7.0,5.0,0.0,1.0,425000.0,0.0
6.0,7.0,140000.0,3.0,0.0,5.0,0.0,1.0,400000.0,0.0
8.0,1.0,30000.0,3.0,0.0,5.0,0.0,1.0,240000.0,0.0
12.0,8.0,150000.0,4.0,4.0,5.0,0.0,2.0,380000.0,0.0
9.0,10.0,70000.0,3.0,1.0,5.0,0.0,1.0,400000.0,0.0
4.0,8.0,45000.0,3.0,0.0,5.0,0.0,1.0,400000.0,0.0
11.0,10.0,34500.0,3.0,0.0,5.0,0.0,2.0,300000.0,0.0
12.0,11.0,125000.0,4.0,4.0,5.0,0.0,2.0,250000.0,0.0
16.0,10.0,50000.0,3.0,0.0,5.0,0.0,2.0,70000.0,0.0
11.0,10.0,131000.0,3.0,0.0,5.0,0.0,2.0,200000.0,0.0
5.0,8.0,91000.0,3.0,0.0,5.0,0.0,1.0,350000.0,0.0
7.0,9.0,70493.0,4.0,7.0,0.0,0.0,2.0,500000.0,0.0
13.0,10.0,48000.0,3.0,0.0,5.0,0.0,2.0,170000.0,0.0
4.0,7.0,90000.0,3.0,0.0,5.0,2.0,1.0,450000.0,0.0
12.0,22.0,200000.0,4.0,7.0,7.0,0.0,1.0,500000.0,0.0
8.0,11.0,47000.0,3.0,0.0,5.0,0.0,1.0,325000.0,0.0
8.0,12.0,37000.0,3.0,0.0,5.0,7.0,1.0,399000.0,0.0
8.0,8.0,104390.0,4.0,7.0,5.0,0.0,1.0,448000.0,0.0
8.0,8.0,100000.0,3.0,0.0,5.0,0.0,1.0,300000.0,0.0
9.0,10.0,95000.0,3.0,1.0,5.0,0.0,1.0,300000.0,0.0
8.0,8.0,87000.0,2.0,6.0,5.0,0.0,1.0,325000.0,0.0
13.0,10.0,80000.0,3.0,0.0,5.0,0.0,1.0,270000.0,0.0
13.0,8.0,65000.0,3.0,0.0,5.0,0.0,3.0,215000.0,0.0
8.0,10.0,35887.0,3.0,0.0,5.0,0.0,2.0,385000.0,0.0
7.0,10.0,47652.0,3.0,1.0,5.0,0.0,1.0,475000.0,0.0
18.0,8.0,35000.0,3.0,0.0,5.0,0.0,2.0,252006.0,0.0
10.0,22.0,67000.0,3.0,0.0,5.0,0.0,1.0,450000.0,0.0
5.0,22.0,50000.0,4.0,6.0,0.0,4.0,2.0,315000.0,0.0
18.0,22.0,180000.0,4.0,7.0,7.0,0.0,5.0,325000.0,0.0
10.0,10.0,84000.0,3.0,1.0,5.0,0.0,3.0,320000.0,0.0
7.0,10.0,23709.0,3.0,0.0,5.0,0.0,1.0,475000.0,0.0
9.0,8.0,275000.0,3.0,0.0,5.0,0.0,2.0,275000.0,0.0
10.0,8.0,43660.0,3.0,0.0,5.0,0.0,1.0,375000.0,0.0
15.0,8.0,250000.0,4.0,0.0,5.0,0.0,2.0,220000.0,0.0
14.0,12.0,73000.0,3.0,4.0,5.0,0.0,1.0,325000.0,0.0
15.0,10.0,100000.0,3.0,0.0,5.0,0.0,3.0,150000.0,0.0
15.0,9.0,185000.0,4.0,7.0,7.0,0.0,3.0,410000.0,0.0
12.0,9.0,105000.0,4.0,7.0,7.0,0.0,2.0,220000.0,0.0
7.0,7.0,49000.0,4.0,0.0,5.0,0.0,1.0,365000.0,0.0
13.0,8.0,132000.0,3.0,0.0,5.0,0.0,3.0,180000.0,0.0
6.0,8.0,56127.0,3.0,0.0,5.0,0.0,1.0,410000.0,0.0
16.0,17.0,160000.0,4.0,4.0,5.0,7.0,3.0,175000.0,0.0
15.0,10.0,140000.0,3.0,0.0,5.0,0.0,2.0,150000.0,0.0
8.0,10.0,75800.0,3.0,0.0,5.0,0.0,1.0,420000.0,0.0
11.0,8.0,96783.0,3.0,4.0,5.0,0.0,2.0,411000.0,0.0
9.0,8.0,97597.0,3.0,0.0,5.0,0.0,1.0,415000.0,0.0
10.0,8.0,61000.0,3.0,0.0,5.0,0.0,1.0,325000.0,0.0
10.0,8.0,72000.0,3.0,0.0,5.0,0.0,1.0,350000.0,0.0
4.0,8.0,28000.0,3.0,0.0,5.0,0.0,1.0,350000.0,0.0
12.0,8.0,112500.0,3.0,0.0,5.0,0.0,2.0,100000.0,0.0
19.0,7.0,272850.0,4.0,4.0,5.0,0.0,1.0,150000.0,0.0
8.0,8.0,150000.0,4.0,7.0,5.0,0.0,1.0,400000.0,0.0
5.0,7.0,95000.0,3.0,0.0,5.0,0.0,2.0,450000.0,0.0
12.0,17.0,190000.0,4.0,0.0,5.0,0.0,2.0,200000.0,0.0
9.0,10.0,54000.0,3.0,0.0,5.0,0.0,1.0,360000.0,0.0
15.0,7.0,45000.0,4.0,4.0,5.0,0.0,2.0,128274.0,0.0
14.0,8.0,82000.0,3.0,0.0,5.0,0.0,1.0,160000.0,0.0
12.0,12.0,150000.0,3.0,4.0,5.0,0.0,1.0,300000.0,0.0
7.0,11.0,67000.0,3.0,0.0,5.0,0.0,1.0,250000.0,0.0
16.0,8.0,137500.0,4.0,0.0,5.0,0.0,3.0,229855.0,0.0
10.0,10.0,74743.0,3.0,0.0,5.0,0.0,1.0,400000.0,0.0
15.0,8.0,142000.0,2.0,0.0,5.0,0.0,3.0,120000.0,0.0
9.0,10.0,174223.0,3.0,1.0,5.0,0.0,1.0,325000.0,0.0
11.0,8.0,112500.0,3.0,7.0,7.0,0.0,2.0,470000.0,0.0
11.0,9.0,235000.0,4.0,7.0,7.0,0.0,2.0,350000.0,0.0
14.0,14.0,110000.0,4.0,4.0,5.0,0.0,2.0,210000.0,0.0
14.0,8.0,200000.0,3.0,4.0,5.0,0.0,3.0,222720.0,0.0
7.0,10.0,94000.0,4.0,0.0,5.0,0.0,1.0,400000.0,0.0
12.0,10.0,84523.0,3.0,0.0,5.0,0.0,1.0,350000.0,0.0
9.0,8.0,73000.0,3.0,0.0,5.0,0.0,4.0,270000.0,0.0
8.0,10.0,60000.0,3.0,0.0,5.0,0.0,1.0,200000.0,0.0
9.0,7.0,178000.0,4.0,0.0,5.0,0.0,1.0,250000.0,0.0
10.0,14.0,100000.0,4.0,1.0,5.0,0.0,2.0,310387.0,0.0
13.0,22.0,60000.0,4.0,4.0,5.0,0.0,1.0,290000.0,0.0
11.0,8.0,45000.0,3.0,0.0,5.0,0.0,1.0,260000.0,0.0
13.0,14.0,120000.0,4.0,0.0,5.0,0.0,3.0,120000.0,0.0
5.0,8.0,25000.0,3.0,0.0,5.0,0.0,1.0,415000.0,0.0
16.0,10.0,120000.0,3.0,0.0,5.0,0.0,1.0,140000.0,0.0
10.0,8.0,28326.0,3.0,4.0,5.0,0.0,1.0,460000.0,0.0
7.0,12.0,67824.0,3.0,7.0,5.0,0.0,1.0,485000.0,0.0
11.0,7.0,85000.0,4.0,0.0,5.0,0.0,1.0,250000.0,0.0
16.0,10.0,150000.0,3.0,0.0,5.0,0.0,2.0,125000.0,0.0
5.0,8.0,20000.0,3.0,0.0,5.0,0.0,1.0,350000.0,0.0
13.0,6.0,79000.0,4.0,4.0,5.0,0.0,2.0,325000.0,0.0
1.0,11.0,11600.0,3.0,0.0,5.0,2.0,1.0,450000.0,0.0
8.0,10.0,59000.0,3.0,0.0,5.0,0.0,2.0,425000.0,0.0
16.0,7.0,203000.0,4.0,0.0,5.0,0.0,3.0,90000.0,0.0
19.0,12.0,135000.0,3.0,4.0,5.0,7.0,3.0,100000.0,0.0
5.0,8.0,51000.0,3.0,0.0,5.0,0.0,1.0,400000.0,0.0
9.0,8.0,96450.0,4.0,7.0,7.0,0.0,3.0,500000.0,0.0
12.0,11.0,99000.0,4.0,7.0,5.0,0.0,3.0,350000.0,0.0
5.0,11.0,58000.0,3.0,0.0,5.0,0.0,1.0,289000.0,0.0
20.0,8.0,76000.0,3.0,0.0,5.0,0.0,3.0,80000.0,0.0
8.0,11.0,46720.0,3.0,0.0,5.0,0.0,1.0,279000.0,0.0
11.0,8.0,250000.0,4.0,4.0,5.0,0.0,4.0,210000.0,0.0
12.0,11.0,120000.0,4.0,7.0,5.0,0.0,3.0,450000.0,0.0
12.0,12.0,34218.0,3.0,0.0,5.0,0.0,2.0,200000.0,0.0
5.0,8.0,50000.0,2.0,0.0,4.0,0.0,1.0,350000.0,0.0
14.0,9.0,125000.0,3.0,4.0,5.0,0.0,2.0,150000.0,0.0
7.0,10.0,57439.0,4.0,0.0,5.0,0.0,1.0,400000.0,0.0
9.0,10.0,57000.0,3.0,0.0,5.0,0.0,1.0,275000.0,0.0
7.0,10.0,20000.0,3.0,0.0,5.0,0.0,3.0,270000.0,0.0
11.0,8.0,250000.0,3.0,0.0,5.0,0.0,2.0,275590.0,0.0
17.0,8.0,74000.0,3.0,0.0,5.0,0.0,2.0,105000.0,0.0
17.0,8.0,203800.0,3.0,0.0,5.0,0.0,4.0,150000.0,0.0
13.0,8.0,800000.0,3.0,0.0,5.0,0.0,3.0,170000.0,0.0
10.0,8.0,80000.0,3.0,0.0,5.0,0.0,1.0,300000.0,0.0
9.0,10.0,89000.0,4.0,1.0,5.0,0.0,2.0,250000.0,0.0
13.0,8.0,150000.0,4.0,4.0,5.0,0.0,4.0,265000.0,0.0
11.0,7.0,91000.0,4.0,1.0,5.0,0.0,2.0,75000.0,0.0
11.0,10.0,68000.0,3.0,0.0,5.0,0.0,1.0,160000.0,0.0
9.0,7.0,135000.0,4.0,0.0,5.0,0.0,2.0,260000.0,0.0
9.0,8.0,112800.0,4.0,7.0,5.0,0.0,2.0,450000.0,0.0
12.0,9.0,101500.0,4.0,7.0,7.0,0.0,2.0,300000.0,0.0
10.0,7.0,105000.0,4.0,1.0,5.0,0.0,2.0,125000.0,0.0
7.0,1.0,50000.0,3.0,0.0,5.0,0.0,1.0,280000.0,0.0
11.0,8.0,52894.0,3.0,0.0,5.0,0.0,2.0,250000.0,0.0
4.0,8.0,45000.0,3.0,0.0,5.0,0.0,1.0,460000.0,0.0
10.0,8.0,50000.0,4.0,0.0,5.0,0.0,1.0,400000.0,0.0
13.0,10.0,80000.0,4.0,4.0,5.0,7.0,1.0,340000.0,0.0
13.0,17.0,63789.0,4.0,4.0,5.0,7.0,1.0,365000.0,0.0
12.0,8.0,80000.0,3.0,4.0,5.0,0.0,3.0,325000.0,0.0
9.0,10.0,42154.0,3.0,1.0,5.0,0.0,2.0,295000.0,0.0
5.0,11.0,90000.0,3.0,0.0,5.0,0.0,3.0,400000.0,0.0
7.0,10.0,55000.0,3.0,0.0,5.0,0.0,1.0,380000.0,0.0
10.0,10.0,98000.0,1.0,0.0,5.0,0.0,3.0,200000.0,0.0
11.0,10.0,87000.0,3.0,1.0,5.0,0.0,2.0,430000.0,0.0
10.0,8.0,100000.0,3.0,0.0,5.0,0.0,1.0,300000.0,0.0
13.0,12.0,63000.0,3.0,4.0,5.0,0.0,2.0,290000.0,0.0
10.0,10.0,110000.0,3.0,0.0,5.0,0.0,3.0,225000.0,0.0
10.0,10.0,98466.0,4.0,0.0,5.0,0.0,1.0,458706.0,0.0
14.0,7.0,65000.0,4.0,0.0,5.0,0.0,2.0,258066.0,0.0
17.0,8.0,160000.0,3.0,0.0,0.0,0.0,2.0,280000.0,0.0
8.0,8.0,88000.0,3.0,0.0,5.0,0.0,2.0,425000.0,0.0
4.0,11.0,43000.0,3.0,0.0,5.0,2.0,1.0,260000.0,0.0
5.0,8.0,55000.0,3.0,0.0,5.0,0.0,2.0,500000.0,0.0
9.0,8.0,75500.0,4.0,7.0,5.0,0.0,2.0,500000.0,0.0
16.0,8.0,135000.0,3.0,0.0,5.0,0.0,3.0,139237.0,0.0
7.0,8.0,51000.0,3.0,0.0,5.0,0.0,2.0,375000.0,0.0
12.0,8.0,130000.0,4.0,4.0,5.0,0.0,2.0,180000.0,0.0
16.0,8.0,96000.0,4.0,0.0,5.0,0.0,2.0,150000.0,0.0
7.0,8.0,55000.0,3.0,0.0,5.0,0.0,1.0,360000.0,0.0
9.0,8.0,75000.0,3.0,0.0,5.0,0.0,1.0,300000.0,0.0
8.0,8.0,80000.0,3.0,0.0,5.0,0.0,2.0,200000.0,0.0
8.0,1.0,35000.0,3.0,0.0,5.0,0.0,2.0,303712.0,0.0
2.0,11.0,49559.0,3.0,5.0,7.0,0.0,2.0,489000.0,0.0
11.0,7.0,250000.0,4.0,1.0,5.0,0.0,1.0,150000.0,0.0
12.0,18.0,58000.0,4.0,0.0,5.0,0.0,2.0,265000.0,0.0
11.0,10.0,35000.0,3.0,0.0,5.0,0.0,1.0,500000.0,0.0
7.0,8.0,67000.0,3.0,0.0,5.0,0.0,2.0,470000.0,0.0
11.0,8.0,95000.0,3.0,0.0,5.0,0.0,1.0,320000.0,0.0
5.0,8.0,25000.0,2.0,0.0,5.0,0.0,2.0,200000.0,0.0
10.0,9.0,250000.0,4.0,7.0,7.0,0.0,3.0,461688.0,0.0
10.0,10.0,100000.0,3.0,1.0,5.0,0.0,2.0,250000.0,0.0
7.0,10.0,41000.0,3.0,1.0,5.0,0.0,1.0,375000.0,0.0
10.0,10.0,131619.0,4.0,0.0,5.0,0.0,1.0,480000.0,0.0
6.0,8.0,49000.0,3.0,0.0,5.0,0.0,2.0,400000.0,0.0
8.0,8.0,60800.0,3.0,0.0,5.0,2.0,1.0,400000.0,0.0
11.0,18.0,162500.0,4.0,0.0,5.0,0.0,1.0,348316.0,0.0
9.0,10.0,34000.0,3.0,0.0,5.0,0.0,1.0,295000.0,0.0
11.0,12.0,41660.0,4.0,4.0,5.0,0.0,1.0,390000.0,0.0
11.0,8.0,67000.0,3.0,0.0,5.0,0.0,2.0,300000.0,0.0
9.0,10.0,150000.0,4.0,0.0,5.0,0.0,1.0,400000.0,0.0
5.0,8.0,110000.0,2.0,6.0,5.0,0.0,2.0,450000.0,0.0
12.0,8.0,112500.0,3.0,0.0,5.0,0.0,3.0,310000.0,0.0
13.0,7.0,138000.0,4.0,7.0,7.0,0.0,2.0,200000.0,0.0
7.0,10.0,120000.0,4.0,0.0,5.0,0.0,4.0,500000.0,0.0
14.0,8.0,93000.0,3.0,4.0,5.0,0.0,2.0,270000.0,0.0
7.0,7.0,50800.0,3.0,0.0,5.0,0.0,1.0,300000.0,0.0
14.0,8.0,110000.0,3.0,0.0,5.0,0.0,3.0,80000.0,0.0
19.0,10.0,100000.0,3.0,0.0,5.0,0.0,1.0,100000.0,0.0
4.0,10.0,55000.0,3.0,0.0,5.0,0.0,1.0,500000.0,0.0
4.0,11.0,50000.0,3.0,5.0,7.0,0.0,1.0,350000.0,0.0
8.0,8.0,68000.0,4.0,4.0,5.0,0.0,2.0,465000.0,0.0
15.0,10.0,85000.0,3.0,0.0,5.0,0.0,3.0,165000.0,0.0
10.0,10.0,79361.0,3.0,0.0,5.0,0.0,2.0,265000.0,0.0
11.0,12.0,112000.0,4.0,4.0,5.0,0.0,2.0,351000.0,0.0
11.0,12.0,56333.0,3.0,0.0,5.0,0.0,3.0,350000.0,0.0
13.0,8.0,67000.0,3.0,0.0,5.0,0.0,1.0,225000.0,0.0
15.0,8.0,90000.0,3.0,0.0,5.0,0.0,5.0,140000.0,0.0
11.0,14.0,125000.0,4.0,7.0,5.0,0.0,1.0,350000.0,0.0
11.0,8.0,82924.0,3.0,0.0,5.0,0.0,1.0,315000.0,0.0
14.0,8.0,90000.0,4.0,4.0,5.0,0.0,5.0,150000.0,0.0
13.0,11.0,155000.0,4.0,7.0,5.0,0.0,3.0,300000.0,0.0
8.0,8.0,80000.0,4.0,0.0,5.0,0.0,3.0,450000.0,0.0
8.0,9.0,98700.0,4.0,0.0,6.0,0.0,2.0,350000.0,0.0
7.0,8.0,36000.0,3.0,0.0,5.0,0.0,1.0,500000.0,0.0
8.0,10.0,86000.0,4.0,0.0,5.0,0.0,1.0,415000.0,0.0
12.0,6.0,33000.0,4.0,0.0,5.0,0.0,1.0,149000.0,0.0
10.0,8.0,165000.0,4.0,4.0,5.0,0.0,2.0,411000.0,0.0
14.0,22.0,68000.0,4.0,0.0,5.0,0.0,1.0,300000.0,0.0
14.0,9.0,43000.0,4.0,4.0,5.0,0.0,2.0,195000.0,0.0
9.0,9.0,75000.0,4.0,7.0,7.0,0.0,1.0,450000.0,0.0
9.0,12.0,45000.0,4.0,0.0,5.0,0.0,1.0,450000.0,0.0
12.0,12.0,125000.0,3.0,4.0,5.0,7.0,5.0,235000.0,0.0
6.0,8.0,33000.0,3.0,0.0,5.0,0.0,1.0,350000.0,0.0
16.0,10.0,67604.0,3.0,0.0,5.0,0.0,2.0,110000.0,0.0
7.0,10.0,31000.0,3.0,0.0,5.0,0.0,2.0,470000.0,0.0
11.0,8.0,31000.0,3.0,0.0,5.0,0.0,2.0,340000.0,0.0
13.0,22.0,250000.0,3.0,4.0,5.0,7.0,1.0,250000.0,0.0
6.0,10.0,195000.0,2.0,0.0,5.0,0.0,1.0,450000.0,0.0
12.0,12.0,76000.0,3.0,4.0,5.0,0.0,1.0,364999.0,0.0
18.0,8.0,50000.0,3.0,0.0,5.0,0.0,1.0,95000.0,0.0
10.0,1.0,84300.0,3.0,0.0,5.0,0.0,2.0,200000.0,0.0
9.0,8.0,32914.0,3.0,0.0,5.0,2.0,1.0,395000.0,0.0
16.0,8.0,150000.0,3.0,0.0,5.0,0.0,3.0,130000.0,0.0
9.0,10.0,1935.0,3.0,0.0,5.0,0.0,1.0,320000.0,0.0
11.0,12.0,158000.0,4.0,4.0,5.0,0.0,2.0,300000.0,0.0
11.0,10.0,75000.0,4.0,0.0,5.0,0.0,1.0,450000.0,0.0
7.0,10.0,75000.0,3.0,0.0,5.0,0.0,1.0,275000.0,0.0
13.0,9.0,80000.0,4.0,7.0,7.0,0.0,5.0,230000.0,0.0
9.0,1.0,88884.0,3.0,0.0,7.0,0.0,2.0,200000.0,0.0
17.0,10.0,163000.0,2.0,0.0,5.0,0.0,4.0,120000.0,0.0
16.0,10.0,100000.0,1.0,0.0,5.0,0.0,2.0,200000.0,0.0
11.0,10.0,60000.0,3.0,0.0,5.0,0.0,1.0,180000.0,0.0
8.0,8.0,80000.0,3.0,1.0,5.0,0.0,2.0,400000.0,0.0
5.0,8.0,70000.0,3.0,0.0,5.0,0.0,1.0,280000.0,0.0
11.0,10.0,109482.0,3.0,0.0,5.0,0.0,1.0,345000.0,0.0
7.0,8.0,29000.0,3.0,0.0,5.0,2.0,1.0,410000.0,0.0
12.0,8.0,165000.0,4.0,0.0,5.0,0.0,3.0,300000.0,0.0
13.0,7.0,180000.0,4.0,0.0,5.0,0.0,2.0,120000.0,0.0
9.0,8.0,98000.0,3.0,0.0,5.0,7.0,2.0,320000.0,0.0
14.0,18.0,117000.0,4.0,4.0,5.0,0.0,1.0,299000.0,0.0
17.0,8.0,170000.0,4.0,0.0,5.0,0.0,1.0,200000.0,0.0
15.0,6.0,54000.0,4.0,4.0,5.0,0.0,2.0,225000.0,0.0
14.0,22.0,25000.0,3.0,4.0,5.0,0.0,1.0,300000.0,0.0
10.0,8.0,45000.0,3.0,0.0,5.0,0.0,2.0,325000.0,0.0
14.0,10.0,93000.0,3.0,4.0,5.0,0.0,2.0,200000.0,0.0
10.0,8.0,55000.0,4.0,4.0,5.0,0.0,1.0,400000.0,0.0
14.0,8.0,100000.0,4.0,4.0,5.0,0.0,3.0,200000.0,0.0
11.0,11.0,125000.0,4.0,7.0,5.0,0.0,3.0,372139.0,0.0
12.0,9.0,61762.0,4.0,7.0,7.0,0.0,2.0,350000.0,0.0
9.0,10.0,39000.0,3.0,0.0,5.0,0.0,1.0,440000.0,0.0
11.0,8.0,90000.0,4.0,4.0,5.0,0.0,2.0,415000.0,0.0
16.0,8.0,200000.0,3.0,4.0,5.0,0.0,2.0,120000.0,0.0
10.0,8.0,81000.0,3.0,0.0,5.0,0.0,1.0,370000.0,0.0
14.0,8.0,87000.0,3.0,0.0,5.0,0.0,4.0,131000.0,0.0
7.0,8.0,115000.0,3.0,0.0,5.0,0.0,2.0,500000.0,0.0
12.0,13.0,200000.0,4.0,7.0,7.0,0.0,3.0,500000.0,0.0
19.0,8.0,110000.0,3.0,0.0,5.0,0.0,2.0,100000.0,0.0
20.0,17.0,109000.0,4.0,4.0,5.0,0.0,1.0,200000.0,0.0
9.0,14.0,115000.0,4.0,0.0,5.0,0.0,1.0,300000.0,0.0
11.0,18.0,70000.0,4.0,0.0,5.0,0.0,1.0,325000.0,0.0
18.0,7.0,140000.0,4.0,7.0,7.0,0.0,3.0,300000.0,0.0
15.0,10.0,100000.0,3.0,0.0,5.0,0.0,6.0,200000.0,0.0
9.0,8.0,100009.0,4.0,7.0,7.0,0.0,5.0,480000.0,0.0
15.0,22.0,300000.0,4.0,7.0,8.0,0.0,2.0,350000.0,0.0
5.0,11.0,100000.0,3.0,5.0,7.0,0.0,1.0,500000.0,0.0
3.0,10.0,140000.0,3.0,0.0,5.0,0.0,1.0,500000.0,0.0
18.0,8.0,150000.0,3.0,0.0,5.0,0.0,2.0,60000.0,0.0
7.0,8.0,50000.0,3.0,0.0,5.0,0.0,2.0,350000.0,0.0
4.0,8.0,85000.0,3.0,0.0,5.0,0.0,1.0,410000.0,0.0
8.0,8.0,38000.0,3.0,4.0,5.0,7.0,1.0,449000.0,0.0
22.0,22.0,65000.0,3.0,4.0,0.0,0.0,1.0,475000.0,0.0
13.0,10.0,75000.0,1.0,0.0,5.0,0.0,2.0,175000.0,0.0
13.0,8.0,98000.0,4.0,4.0,5.0,0.0,1.0,300000.0,0.0
16.0,8.0,55000.0,3.0,0.0,5.0,0.0,2.0,125000.0,0.0
10.0,10.0,112500.0,4.0,0.0,5.0,0.0,2.0,222942.0,0.0
6.0,9.0,65000.0,4.0,3.0,6.0,0.0,1.0,400000.0,0.0
10.0,14.0,87000.0,4.0,7.0,5.0,0.0,1.0,350000.0,0.0
13.0,8.0,100000.0,3.0,0.0,5.0,0.0,1.0,280000.0,0.0
8.0,8.0,160000.0,4.0,1.0,5.0,0.0,3.0,380000.0,0.0
11.0,8.0,130000.0,3.0,4.0,5.0,0.0,2.0,350000.0,0.0
16.0,10.0,70000.0,3.0,0.0,5.0,0.0,1.0,195000.0,0.0
14.0,10.0,125000.0,3.0,0.0,5.0,0.0,3.0,225000.0,0.0
17.0,22.0,86000.0,3.0,4.0,5.0,0.0,3.0,320000.0,0.0
10.0,8.0,124122.0,4.0,0.0,5.0,0.0,2.0,368000.0,0.0
15.0,8.0,100000.0,3.0,0.0,5.0,0.0,3.0,190000.0,0.0
8.0,8.0,54000.0,3.0,0.0,5.0,0.0,2.0,340000.0,0.0
4.0,8.0,80000.0,3.0,1.0,5.0,0.0,1.0,500000.0,0.0
11.0,7.0,99846.0,4.0,1.0,5.0,0.0,1.0,250000.0,0.0
11.0,10.0,49251.0,3.0,0.0,5.0,0.0,2.0,200000.0,0.0
11.0,14.0,187500.0,4.0,4.0,5.0,0.0,1.0,300000.0,0.0
7.0,10.0,200100.0,3.0,1.0,5.0,0.0,1.0,425000.0,0.0
18.0,8.0,154896.0,3.0,0.0,5.0,0.0,4.0,150000.0,0.0
3.0,8.0,35500.0,3.0,0.0,5.0,0.0,1.0,480000.0,0.0
8.0,8.0,73403.0,3.0,0.0,5.0,0.0,1.0,312544.0,0.0
12.0,8.0,196000.0,4.0,7.0,7.0,0.0,4.0,400000.0,0.0
12.0,8.0,200000.0,4.0,7.0,7.0,0.0,3.0,480000.0,0.0
15.0,7.0,65000.0,4.0,8.0,5.0,0.0,2.0,100000.0,0.0
7.0,8.0,38529.0,3.0,0.0,5.0,0.0,1.0,365999.0,0.0
7.0,8.0,82000.0,3.0,0.0,5.0,2.0,1.0,391000.0,0.0
5.0,10.0,51944.0,3.0,0.0,5.0,2.0,2.0,499000.0,0.0
9.0,9.0,168000.0,4.0,7.0,7.0,0.0,2.0,500000.0,0.0
9.0,10.0,52000.0,3.0,0.0,5.0,0.0,3.0,200000.0,0.0
11.0,8.0,35000.0,4.0,4.0,5.0,0.0,3.0,362561.0,0.0
8.0,14.0,88000.0,4.0,7.0,5.0,0.0,1.0,500000.0,0.0
14.0,10.0,114000.0,3.0,0.0,5.0,0.0,1.0,225000.0,0.0
15.0,10.0,99099.0,3.0,0.0,5.0,0.0,2.0,135000.0,0.0
9.0,1.0,53000.0,3.0,0.0,5.0,0.0,2.0,200000.0,0.0
10.0,10.0,67295.0,4.0,0.0,5.0,0.0,2.0,380415.0,0.0
6.0,8.0,65000.0,3.0,0.0,5.0,0.0,2.0,400000.0,0.0
14.0,7.0,177060.0,4.0,4.0,5.0,0.0,2.0,120000.0,0.0
11.0,9.0,50000.0,4.0,7.0,7.0,0.0,1.0,400000.0,0.0
16.0,10.0,87000.0,3.0,0.0,5.0,0.0,2.0,200000.0,0.0
9.0,10.0,35000.0,3.0,0.0,5.0,0.0,2.0,500000.0,0.0
7.0,8.0,100000.0,3.0,0.0,5.0,0.0,1.0,250000.0,0.0
10.0,8.0,130000.0,3.0,0.0,5.0,0.0,2.0,350000.0,0.0
13.0,8.0,184000.0,4.0,7.0,7.0,0.0,5.0,300000.0,0.0
14.0,7.0,50000.0,3.0,0.0,4.0,0.0,1.0,100000.0,0.0
5.0,8.0,200000.0,3.0,0.0,5.0,0.0,1.0,500000.0,0.0
12.0,14.0,79000.0,3.0,4.0,5.0,7.0,3.0,300000.0,0.0
8.0,1.0,27345.0,3.0,0.0,5.0,0.0,1.0,180000.0,0.0
3.0,8.0,63000.0,3.0,0.0,5.0,0.0,1.0,400000.0,0.0
2.0,8.0,45000.0,3.0,0.0,5.0,0.0,1.0,430000.0,0.0
2.0,8.0,20000.0,3.0,0.0,5.0,0.0,1.0,460000.0,0.0
5.0,8.0,137500.0,3.0,6.0,5.0,0.0,1.0,350000.0,0.0
21.0,8.0,112500.0,3.0,0.0,5.0,0.0,3.0,97500.0,0.0
11.0,8.0,106000.0,3.0,4.0,5.0,0.0,1.0,400000.0,0.0
6.0,8.0,23404.0,3.0,0.0,5.0,0.0,1.0,480000.0,0.0
12.0,10.0,56000.0,3.0,0.0,5.0,0.0,2.0,249999.0,0.0
10.0,10.0,73875.0,3.0,0.0,5.0,7.0,1.0,350000.0,0.0
16.0,10.0,135000.0,3.0,0.0,5.0,0.0,3.0,150000.0,0.0
14.0,17.0,125000.0,4.0,0.0,5.0,0.0,3.0,200000.0,0.0
12.0,10.0,70000.0,4.0,4.0,5.0,7.0,1.0,455000.0,0.0
7.0,8.0,120000.0,3.0,0.0,5.0,0.0,1.0,500000.0,0.0
8.0,8.0,59000.0,3.0,0.0,5.0,0.0,3.0,400000.0,0.0
14.0,8.0,41000.0,3.0,0.0,5.0,0.0,2.0,130000.0,0.0
10.0,14.0,120000.0,4.0,7.0,5.0,0.0,2.0,425000.0,0.0
8.0,10.0,77000.0,4.0,0.0,5.0,0.0,2.0,430000.0,0.0
12.0,22.0,100000.0,4.0,4.0,5.0,0.0,1.0,300000.0,0.0
16.0,10.0,80000.0,3.0,0.0,5.0,0.0,1.0,180000.0,0.0
10.0,12.0,251847.0,4.0,4.0,5.0,0.0,1.0,200000.0,0.0
13.0,8.0,101000.0,4.0,4.0,5.0,0.0,5.0,225000.0,0.0
7.0,8.0,64000.0,3.0,0.0,5.0,0.0,1.0,285000.0,0.0
19.0,8.0,62000.0,3.0,0.0,5.0,0.0,1.0,200000.0,0.0
10.0,7.0,159500.0,3.0,1.0,5.0,0.0,1.0,310000.0,0.0
2.0,8.0,7000.0,3.0,6.0,5.0,0.0,1.0,150000.0,0.0
3.0,8.0,35000.0,3.0,0.0,5.0,0.0,1.0,480000.0,0.0
9.0,8.0,35896.0,3.0,0.0,5.0,0.0,1.0,335000.0,0.0
12.0,9.0,150000.0,4.0,7.0,5.0,0.0,1.0,400000.0,0.0
11.0,10.0,87365.0,4.0,4.0,5.0,7.0,1.0,475000.0,0.0
16.0,8.0,90000.0,3.0,0.0,5.0,0.0,2.0,135000.0,0.0
9.0,14.0,94000.0,4.0,7.0,5.0,0.0,2.0,400000.0,0.0
4.0,8.0,31000.0,2.0,0.0,5.0,0.0,1.0,500000.0,0.0
18.0,8.0,75000.0,4.0,0.0,5.0,0.0,2.0,200000.0,0.0
4.0,11.0,75000.0,3.0,5.0,7.0,0.0,1.0,425000.0,0.0
9.0,10.0,80822.0,3.0,4.0,5.0,0.0,2.0,450000.0,0.0
14.0,8.0,87000.0,2.0,4.0,5.0,0.0,2.0,200000.0,0.0
9.0,9.0,170000.0,4.0,7.0,7.0,0.0,2.0,400000.0,0.0
14.0,7.0,165000.0,4.0,4.0,5.0,0.0,1.0,100000.0,0.0
5.0,8.0,75000.0,3.0,0.0,5.0,0.0,1.0,450000.0,0.0
11.0,8.0,69000.0,3.0,0.0,5.0,0.0,1.0,205000.0,0.0
7.0,10.0,22230.0,3.0,0.0,5.0,0.0,2.0,350000.0,0.0
11.0,9.0,146000.0,4.0,7.0,7.0,0.0,1.0,400000.0,0.0
14.0,6.0,69916.0,4.0,0.0,5.0,0.0,2.0,145001.0,0.0
10.0,1.0,54000.0,3.0,0.0,7.0,0.0,2.0,225000.0,0.0
16.0,10.0,161700.0,3.0,0.0,5.0,0.0,3.0,250000.0,0.0
11.0,12.0,102800.0,4.0,4.0,5.0,0.0,2.0,335000.0,0.0
9.0,10.0,81000.0,3.0,0.0,5.0,0.0,1.0,411000.0,0.0
10.0,10.0,166000.0,4.0,0.0,5.0,0.0,2.0,250000.0,0.0
0.0,8.0,9999.0,3.0,0.0,5.0,0.0,5.0,474000.0,0.0
11.0,10.0,134000.0,4.0,1.0,5.0,0.0,3.0,300000.0,0.0
7.0,12.0,61200.0,3.0,0.0,5.0,0.0,1.0,425000.0,0.0
10.0,10.0,89126.0,3.0,0.0,5.0,0.0,1.0,435874.0,0.0
7.0,14.0,92000.0,4.0,7.0,5.0,0.0,2.0,400000.0,0.0
6.0,10.0,44100.0,3.0,0.0,5.0,0.0,1.0,480340.0,0.0
13.0,7.0,190000.0,4.0,0.0,5.0,0.0,2.0,195793.0,0.0
21.0,8.0,200000.0,3.0,0.0,5.0,0.0,5.0,60000.0,0.0
9.0,12.0,69455.0,3.0,0.0,5.0,7.0,1.0,424999.0,0.0
1.0,11.0,8000.0,3.0,0.0,5.0,2.0,1.0,450000.0,0.0
4.0,8.0,30000.0,3.0,0.0,5.0,0.0,1.0,500000.0,0.0
11.0,8.0,95000.0,4.0,4.0,5.0,0.0,3.0,500000.0,0.0
5.0,10.0,62000.0,3.0,0.0,5.0,0.0,1.0,500000.0,0.0
11.0,13.0,112500.0,4.0,7.0,5.0,0.0,1.0,400000.0,0.0
7.0,8.0,102000.0,3.0,6.0,5.0,0.0,1.0,350000.0,0.0
13.0,8.0,130000.0,4.0,4.0,5.0,0.0,1.0,400000.0,0.0
8.0,9.0,68000.0,3.0,3.0,6.0,0.0,1.0,365000.0,0.0
12.0,10.0,127000.0,3.0,0.0,5.0,0.0,1.0,200000.0,0.0
12.0,12.0,44477.0,3.0,0.0,5.0,0.0,2.0,225001.0,0.0
10.0,8.0,57779.0,3.0,0.0,5.0,0.0,1.0,220000.0,0.0
1.0,8.0,100000.0,3.0,6.0,5.0,0.0,1.0,100000.0,0.0
11.0,8.0,49800.0,3.0,0.0,5.0,0.0,1.0,170000.0,0.0
3.0,8.0,250000.0,2.0,0.0,5.0,0.0,1.0,400000.0,0.0
6.0,8.0,65681.0,3.0,0.0,5.0,0.0,1.0,335411.0,0.0
11.0,8.0,47678.0,3.0,4.0,5.0,0.0,1.0,450000.0,0.0
6.0,11.0,50000.0,3.0,5.0,7.0,0.0,1.0,500000.0,0.0
13.0,10.0,98000.0,3.0,0.0,5.0,0.0,2.0,140000.0,0.0
8.0,8.0,30000.0,3.0,0.0,5.0,0.0,1.0,300000.0,0.0
6.0,1.0,35000.0,3.0,0.0,5.0,0.0,2.0,200000.0,0.0
10.0,8.0,172000.0,4.0,0.0,5.0,0.0,1.0,450000.0,0.0
11.0,10.0,95000.0,3.0,0.0,5.0,0.0,1.0,450000.0,0.0
0.0,9.0,1200.0,5.0,13.0,5.0,7.0,1.0,172000.0,0.0
13.0,17.0,187500.0,4.0,4.0,5.0,7.0,3.0,450000.0,0.0
7.0,8.0,82000.0,3.0,0.0,5.0,0.0,2.0,420000.0,0.0
12.0,8.0,102000.0,4.0,0.0,5.0,0.0,1.0,300000.0,0.0
14.0,8.0,50560.0,3.0,4.0,5.0,0.0,3.0,150000.0,0.0
4.0,13.0,18000.0,3.0,7.0,0.0,4.0,2.0,450000.0,0.0
8.0,8.0,45000.0,3.0,0.0,5.0,0.0,2.0,335001.0,0.0
7.0,11.0,40000.0,3.0,0.0,5.0,0.0,1.0,300000.0,0.0
10.0,10.0,85000.0,3.0,0.0,5.0,0.0,2.0,310000.0,0.0
10.0,6.0,290000.0,4.0,7.0,7.0,0.0,3.0,300000.0,0.0
5.0,8.0,177363.0,3.0,6.0,5.0,0.0,3.0,450000.0,0.0
7.0,8.0,72300.0,3.0,0.0,5.0,0.0,1.0,299999.0,0.0
15.0,12.0,25000.0,3.0,0.0,5.0,0.0,1.0,300000.0,0.0
4.0,8.0,54000.0,3.0,0.0,5.0,0.0,1.0,350000.0,0.0
15.0,10.0,106000.0,3.0,0.0,5.0,0.0,3.0,160000.0,0.0
11.0,11.0,95497.0,4.0,7.0,5.0,0.0,2.0,368000.0,0.0
5.0,10.0,20922.0,2.0,0.0,5.0,0.0,1.0,490000.0,0.0
14.0,8.0,176000.0,2.0,0.0,5.0,0.0,3.0,120000.0,0.0
7.0,10.0,100500.0,4.0,0.0,5.0,0.0,1.0,400000.0,0.0
12.0,9.0,225000.0,4.0,7.0,7.0,0.0,3.0,400000.0,0.0
0.0,8.0,15000.0,2.0,5.0,7.0,0.0,1.0,400000.0,0.0
14.0,8.0,110925.0,3.0,0.0,5.0,0.0,3.0,165000.0,0.0
11.0,11.0,58000.0,4.0,7.0,5.0,0.0,1.0,385000.0,0.0
5.0,8.0,63661.0,3.0,0.0,5.0,2.0,1.0,490999.0,0.0
12.0,10.0,85000.0,3.0,0.0,5.0,0.0,1.0,184654.0,0.0
8.0,8.0,48418.0,3.0,6.0,8.0,0.0,3.0,250000.0,0.0
6.0,8.0,48000.0,3.0,0.0,5.0,0.0,2.0,500000.0,0.0
14.0,8.0,161000.0,2.0,0.0,5.0,0.0,2.0,215000.0,0.0
10.0,12.0,84000.0,4.0,0.0,5.0,0.0,1.0,321000.0,0.0
11.0,12.0,82000.0,4.0,4.0,5.0,0.0,2.0,280000.0,0.0
13.0,12.0,67000.0,3.0,0.0,5.0,0.0,1.0,250000.0,0.0
10.0,8.0,100000.0,3.0,0.0,5.0,0.0,2.0,300000.0,0.0
11.0,9.0,86000.0,4.0,7.0,7.0,0.0,2.0,400000.0,0.0
16.0,10.0,90000.0,3.0,0.0,5.0,0.0,1.0,140000.0,0.0
11.0,9.0,120000.0,4.0,7.0,7.0,0.0,1.0,400000.0,0.0
12.0,7.0,65200.0,4.0,7.0,7.0,0.0,2.0,365000.0,0.0
8.0,8.0,90000.0,3.0,0.0,5.0,0.0,2.0,450000.0,0.0
7.0,7.0,90268.0,4.0,1.0,5.0,0.0,1.0,460000.0,0.0
16.0,12.0,65000.0,3.0,4.0,5.0,0.0,1.0,300000.0,0.0
11.0,22.0,75000.0,4.0,4.0,5.0,0.0,2.0,425000.0,0.0
4.0,11.0,62000.0,3.0,5.0,7.0,0.0,3.0,360000.0,0.0
14.0,8.0,85000.0,3.0,0.0,5.0,0.0,1.0,45000.0,0.0
12.0,10.0,160000.0,3.0,0.0,5.0,0.0,2.0,250000.0,0.0
14.0,22.0,34487.0,3.0,4.0,5.0,0.0,1.0,290487.0,0.0
5.0,8.0,113102.0,3.0,1.0,5.0,0.0,2.0,500000.0,0.0
10.0,8.0,20000.0,3.0,6.0,5.0,0.0,2.0,200000.0,0.0
6.0,11.0,17128.0,3.0,0.0,5.0,0.0,1.0,326000.0,0.0
18.0,10.0,90000.0,3.0,0.0,5.0,0.0,3.0,170000.0,0.0
21.0,10.0,65000.0,3.0,0.0,5.0,0.0,2.0,151000.0,0.0
7.0,7.0,66000.0,3.0,0.0,5.0,2.0,1.0,400000.0,0.0
18.0,10.0,200000.0,3.0,0.0,5.0,0.0,3.0,90000.0,0.0
8.0,10.0,137500.0,4.0,1.0,5.0,0.0,2.0,350000.0,0.0
6.0,8.0,66455.0,3.0,0.0,5.0,0.0,1.0,400000.0,0.0
14.0,8.0,85700.0,3.0,0.0,5.0,0.0,2.0,150000.0,0.0
10.0,8.0,88999.0,4.0,4.0,5.0,0.0,1.0,469999.0,0.0
14.0,7.0,100000.0,4.0,4.0,5.0,0.0,4.0,100000.0,0.0
13.0,8.0,75000.0,3.0,4.0,5.0,0.0,3.0,120000.0,0.0
13.0,8.0,97000.0,4.0,0.0,5.0,0.0,3.0,220000.0,0.0
12.0,10.0,75000.0,3.0,0.0,5.0,0.0,3.0,170000.0,0.0
10.0,8.0,180000.0,4.0,0.0,5.0,0.0,2.0,250000.0,0.0
12.0,10.0,50100.0,3.0,0.0,5.0,0.0,1.0,200000.0,0.0
13.0,9.0,60000.0,4.0,7.0,7.0,0.0,2.0,200000.0,0.0
8.0,5.0,98000.0,4.0,4.0,5.0,0.0,1.0,500000.0,0.0
4.0,8.0,148000.0,3.0,0.0,5.0,0.0,1.0,300000.0,0.0
11.0,12.0,154812.0,3.0,4.0,5.0,0.0,1.0,380000.0,0.0
6.0,8.0,21700.0,3.0,0.0,5.0,0.0,1.0,340000.0,0.0
10.0,10.0,70807.0,3.0,0.0,5.0,0.0,1.0,460000.0,0.0
12.0,12.0,85000.0,3.0,0.0,5.0,0.0,2.0,250000.0,0.0
7.0,8.0,100000.0,3.0,0.0,5.0,0.0,1.0,250000.0,0.0
6.0,10.0,15000.0,3.0,0.0,5.0,0.0,1.0,500000.0,0.0
16.0,8.0,130000.0,3.0,0.0,5.0,7.0,2.0,160000.0,0.0
14.0,6.0,50000.0,3.0,0.0,5.0,0.0,2.0,100000.0,0.0
8.0,8.0,34103.0,3.0,0.0,5.0,0.0,1.0,368625.0,0.0
15.0,22.0,250000.0,4.0,7.0,8.0,0.0,5.0,250000.0,0.0
14.0,7.0,70248.0,3.0,4.0,5.0,0.0,3.0,140000.0,0.0
6.0,10.0,140000.0,3.0,1.0,5.0,0.0,1.0,450000.0,0.0
11.0,8.0,150000.0,3.0,0.0,5.0,0.0,1.0,225000.0,0.0
15.0,8.0,154000.0,4.0,0.0,5.0,0.0,1.0,250000.0,0.0
9.0,18.0,59949.0,3.0,0.0,5.0,0.0,2.0,388000.0,0.0
14.0,10.0,70000.0,4.0,0.0,5.0,0.0,1.0,275000.0,0.0
14.0,8.0,137500.0,3.0,0.0,5.0,0.0,1.0,120000.0,0.0
7.0,7.0,35000.0,3.0,0.0,5.0,2.0,1.0,485000.0,0.0
3.0,8.0,27000.0,3.0,0.0,5.0,0.0,1.0,489000.0,0.0
13.0,18.0,153500.0,4.0,0.0,5.0,0.0,5.0,190000.0,0.0
13.0,8.0,70000.0,2.0,0.0,5.0,0.0,1.0,200000.0,0.0
9.0,10.0,76000.0,3.0,0.0,5.0,0.0,1.0,350000.0,0.0
14.0,6.0,62000.0,3.0,0.0,5.0,0.0,3.0,80000.0,0.0
11.0,10.0,160000.0,3.0,4.0,5.0,0.0,1.0,320000.0,0.0
18.0,9.0,130000.0,4.0,7.0,10.0,0.0,2.0,275000.0,0.0
5.0,8.0,98633.0,3.0,0.0,5.0,0.0,1.0,438000.0,0.0
7.0,9.0,136000.0,4.0,7.0,7.0,0.0,1.0,500000.0,0.0
16.0,8.0,150000.0,3.0,4.0,5.0,0.0,1.0,200000.0,0.0
11.0,8.0,85000.0,3.0,0.0,5.0,0.0,3.0,388212.0,0.0
7.0,8.0,160000.0,4.0,7.0,5.0,0.0,2.0,450000.0,0.0
21.0,10.0,110000.0,3.0,4.0,5.0,0.0,2.0,150000.0,0.0
15.0,9.0,70000.0,4.0,7.0,7.0,0.0,3.0,400000.0,0.0
11.0,8.0,149873.0,3.0,0.0,5.0,0.0,1.0,225000.0,0.0
9.0,8.0,250000.0,4.0,1.0,5.0,0.0,2.0,500000.0,0.0
9.0,10.0,82000.0,3.0,0.0,5.0,0.0,1.0,180000.0,0.0
19.0,7.0,150000.0,4.0,4.0,5.0,0.0,2.0,200000.0,0.0
7.0,8.0,47624.0,3.0,0.0,5.0,0.0,1.0,395633.0,0.0
4.0,8.0,100000.0,3.0,0.0,5.0,0.0,1.0,400000.0,0.0
10.0,10.0,53169.0,3.0,0.0,5.0,0.0,1.0,425000.0,0.0
9.0,7.0,24000.0,3.0,0.0,5.0,0.0,1.0,380000.0,0.0
17.0,8.0,90000.0,3.0,0.0,5.0,0.0,2.0,150000.0,0.0
9.0,8.0,120000.0,4.0,0.0,5.0,0.0,2.0,400000.0,0.0
8.0,8.0,123000.0,4.0,0.0,5.0,0.0,1.0,480000.0,0.0
4.0,8.0,250000.0,3.0,0.0,5.0,0.0,2.0,242999.0,0.0
7.0,11.0,39300.0,3.0,0.0,5.0,0.0,1.0,270000.0,0.0
9.0,8.0,33881.0,3.0,0.0,5.0,0.0,1.0,289000.0,0.0
7.0,1.0,68700.0,3.0,0.0,7.0,0.0,1.0,370000.0,0.0
12.0,9.0,157536.0,4.0,7.0,0.0,0.0,5.0,300000.0,0.0
15.0,8.0,187000.0,4.0,0.0,5.0,0.0,1.0,210000.0,0.0
10.0,8.0,66646.0,3.0,0.0,5.0,0.0,1.0,248230.0,0.0
13.0,8.0,59214.0,3.0,6.0,8.0,0.0,1.0,155001.0,0.0
12.0,12.0,137000.0,3.0,4.0,5.0,0.0,1.0,400000.0,0.0
4.0,8.0,55000.0,3.0,6.0,5.0,0.0,1.0,485000.0,0.0
14.0,8.0,88000.0,3.0,0.0,5.0,0.0,2.0,150000.0,0.0
11.0,8.0,85000.0,3.0,0.0,5.0,0.0,3.0,250000.0,0.0
6.0,8.0,150000.0,3.0,1.0,5.0,0.0,1.0,400000.0,0.0
9.0,10.0,69000.0,4.0,0.0,5.0,0.0,1.0,450000.0,0.0
7.0,8.0,100000.0,3.0,0.0,5.0,0.0,1.0,480000.0,0.0
11.0,8.0,132456.0,4.0,0.0,5.0,0.0,1.0,300000.0,0.0
12.0,10.0,79806.0,4.0,4.0,5.0,0.0,1.0,355000.0,0.0
7.0,9.0,34548.0,4.0,3.0,6.0,0.0,1.0,498000.0,0.0
10.0,14.0,65000.0,3.0,0.0,5.0,0.0,2.0,220000.0,0.0
11.0,6.0,65000.0,3.0,0.0,5.0,0.0,1.0,200000.0,0.0
15.0,22.0,300000.0,4.0,7.0,8.0,0.0,2.0,350000.0,0.0
14.0,14.0,62000.0,3.0,0.0,5.0,0.0,1.0,133286.0,0.0
13.0,8.0,100000.0,4.0,0.0,5.0,0.0,1.0,300000.0,0.0
9.0,8.0,137267.0,4.0,0.0,5.0,0.0,1.0,410000.0,0.0
9.0,8.0,150000.0,4.0,4.0,5.0,0.0,5.0,380000.0,0.0
7.0,8.0,56685.0,3.0,0.0,5.0,2.0,2.0,375000.0,0.0
8.0,7.0,76000.0,4.0,1.0,5.0,0.0,1.0,275000.0,0.0
8.0,10.0,141000.0,3.0,1.0,5.0,0.0,1.0,400000.0,0.0
14.0,8.0,130000.0,3.0,0.0,5.0,0.0,1.0,230000.0,0.0
15.0,10.0,90000.0,1.0,0.0,5.0,0.0,1.0,95000.0,0.0
13.0,7.0,110000.0,4.0,0.0,5.0,0.0,2.0,80000.0,0.0
14.0,8.0,72000.0,3.0,0.0,5.0,0.0,2.0,130000.0,0.0
7.0,14.0,110000.0,4.0,1.0,5.0,0.0,1.0,380000.0,0.0
12.0,11.0,240000.0,4.0,7.0,5.0,0.0,3.0,480000.0,0.0
6.0,11.0,52000.0,3.0,0.0,5.0,0.0,1.0,350000.0,0.0
7.0,10.0,35000.0,3.0,0.0,5.0,0.0,2.0,420000.0,0.0
17.0,12.0,90000.0,3.0,4.0,5.0,0.0,1.0,175000.0,0.0
17.0,8.0,187500.0,4.0,4.0,5.0,0.0,3.0,221000.0,0.0
7.0,8.0,43000.0,3.0,0.0,5.0,0.0,2.0,400000.0,0.0
12.0,10.0,106594.0,3.0,0.0,5.0,0.0,2.0,226326.0,0.0
9.0,8.0,62844.0,3.0,0.0,5.0,0.0,1.0,403672.0,0.0
18.0,10.0,100000.0,4.0,4.0,5.0,0.0,2.0,220000.0,0.0
16.0,8.0,75000.0,3.0,4.0,5.0,0.0,5.0,210000.0,0.0
19.0,8.0,110000.0,3.0,0.0,5.0,0.0,2.0,250000.0,0.0
7.0,7.0,56000.0,4.0,1.0,5.0,0.0,1.0,380000.0,0.0
11.0,8.0,53000.0,3.0,0.0,5.0,0.0,2.0,285000.0,0.0
5.0,11.0,27000.0,3.0,5.0,7.0,0.0,2.0,499000.0,0.0
15.0,8.0,118500.0,3.0,4.0,5.0,0.0,3.0,200000.0,0.0
11.0,8.0,100000.0,3.0,0.0,5.0,0.0,3.0,270000.0,0.0
4.0,8.0,65127.0,3.0,0.0,5.0,0.0,1.0,450000.0,0.0
12.0,14.0,148000.0,4.0,7.0,5.0,0.0,4.0,310000.0,0.0
17.0,8.0,75000.0,3.0,0.0,5.0,0.0,2.0,125000.0,0.0
13.0,9.0,64000.0,4.0,7.0,7.0,0.0,1.0,440000.0,0.0
15.0,7.0,24000.0,3.0,0.0,4.0,0.0,3.0,25000.0,0.0
6.0,8.0,125000.0,3.0,0.0,5.0,0.0,2.0,290000.0,0.0
8.0,8.0,100000.0,3.0,0.0,5.0,0.0,1.0,300000.0,0.0
11.0,8.0,25000.0,4.0,4.0,5.0,0.0,4.0,300000.0,0.0
8.0,9.0,110000.0,4.0,0.0,6.0,0.0,2.0,350000.0,0.0
12.0,14.0,116000.0,3.0,7.0,5.0,0.0,3.0,350000.0,0.0
13.0,17.0,150000.0,4.0,4.0,5.0,0.0,2.0,325000.0,0.0
6.0,8.0,50251.0,3.0,0.0,5.0,2.0,1.0,440000.0,0.0
11.0,10.0,64500.0,3.0,0.0,5.0,0.0,1.0,390000.0,0.0
19.0,8.0,112500.0,4.0,4.0,5.0,0.0,1.0,254268.0,0.0
0.0,8.0,1000.0,2.0,4.0,5.0,0.0,1.0,200000.0,0.0
19.0,22.0,65000.0,3.0,4.0,0.0,4.0,4.0,450000.0,0.0
12.0,11.0,115000.0,4.0,7.0,5.0,0.0,2.0,300000.0,0.0
8.0,11.0,37315.0,3.0,0.0,5.0,0.0,1.0,275000.0,0.0
4.0,13.0,18000.0,3.0,3.0,5.0,0.0,2.0,450000.0,0.0
20.0,8.0,145000.0,3.0,0.0,5.0,0.0,2.0,100000.0,0.0
7.0,22.0,13910.0,3.0,4.0,5.0,0.0,2.0,470000.0,0.0
16.0,8.0,100500.0,4.0,4.0,5.0,0.0,2.0,150000.0,0.0
4.0,11.0,29715.0,3.0,0.0,5.0,0.0,1.0,378000.0,0.0
11.0,8.0,130000.0,4.0,4.0,5.0,0.0,1.0,425000.0,0.0
11.0,12.0,67616.0,3.0,7.0,7.0,0.0,1.0,430000.0,0.0
13.0,8.0,110000.0,4.0,4.0,5.0,0.0,2.0,350000.0,0.0
13.0,8.0,213000.0,4.0,0.0,5.0,0.0,3.0,250000.0,0.0
15.0,8.0,112500.0,4.0,4.0,5.0,0.0,5.0,471190.0,0.0
5.0,8.0,135000.0,3.0,3.0,5.0,0.0,1.0,500000.0,0.0
8.0,8.0,85000.0,3.0,0.0,5.0,0.0,3.0,253917.0,0.0
8.0,7.0,175000.0,4.0,1.0,5.0,0.0,1.0,425000.0,0.0
9.0,12.0,70000.0,3.0,0.0,5.0,0.0,1.0,450000.0,0.0
16.0,18.0,91443.0,4.0,4.0,5.0,7.0,3.0,300000.0,0.0
7.0,14.0,73000.0,3.0,7.0,5.0,0.0,2.0,450000.0,0.0
6.0,7.0,47347.0,3.0,0.0,5.0,0.0,1.0,410000.0,0.0
12.0,9.0,112000.0,4.0,7.0,7.0,0.0,4.0,450000.0,0.0
8.0,7.0,70000.0,4.0,7.0,5.0,0.0,1.0,430000.0,0.0
9.0,14.0,250000.0,4.0,0.0,5.0,0.0,2.0,300000.0,0.0
12.0,8.0,115255.0,4.0,0.0,5.0,0.0,5.0,250000.0,0.0
7.0,7.0,60597.0,3.0,1.0,5.0,0.0,1.0,449000.0,0.0
10.0,8.0,68196.0,3.0,0.0,5.0,0.0,1.0,260000.0,0.0
17.0,17.0,200000.0,4.0,4.0,5.0,0.0,4.0,160000.0,0.0
7.0,7.0,1014000.0,3.0,0.0,5.0,0.0,1.0,250000.0,0.0
7.0,8.0,50000.0,3.0,0.0,5.0,0.0,1.0,400000.0,0.0
11.0,10.0,105000.0,4.0,0.0,5.0,0.0,5.0,300000.0,0.0
9.0,10.0,120000.0,4.0,4.0,5.0,0.0,1.0,450000.0,0.0
11.0,8.0,75000.0,3.0,4.0,5.0,0.0,1.0,325000.0,0.0
13.0,8.0,155000.0,3.0,0.0,5.0,0.0,1.0,250000.0,0.0
9.0,8.0,45000.0,3.0,0.0,5.0,0.0,2.0,200000.0,0.0
19.0,8.0,132500.0,3.0,0.0,5.0,0.0,3.0,149630.0,0.0
10.0,12.0,153000.0,3.0,4.0,5.0,0.0,1.0,400000.0,0.0
10.0,8.0,41000.0,3.0,0.0,5.0,0.0,2.0,250000.0,0.0
19.0,10.0,100000.0,3.0,0.0,5.0,0.0,6.0,50000.0,0.0
12.0,8.0,100000.0,3.0,0.0,5.0,0.0,1.0,150000.0,0.0
15.0,8.0,100000.0,3.0,0.0,5.0,0.0,1.0,70000.0,0.0
14.0,8.0,100000.0,4.0,4.0,5.0,0.0,3.0,250000.0,0.0
5.0,10.0,77015.0,3.0,0.0,5.0,0.0,1.0,350000.0,0.0
8.0,10.0,170000.0,4.0,0.0,5.0,0.0,1.0,450000.0,0.0
9.0,8.0,110000.0,4.0,4.0,5.0,0.0,1.0,480000.0,0.0
12.0,9.0,250000.0,4.0,7.0,7.0,0.0,2.0,100000.0,0.0
12.0,8.0,63879.0,3.0,4.0,5.0,0.0,1.0,410000.0,0.0
19.0,8.0,153000.0,3.0,0.0,5.0,0.0,2.0,130000.0,0.0
6.0,8.0,60000.0,3.0,0.0,5.0,0.0,1.0,325000.0,0.0
9.0,9.0,64500.0,4.0,0.0,6.0,0.0,1.0,360000.0,0.0
2.0,11.0,45000.0,3.0,5.0,7.0,0.0,1.0,460000.0,0.0
6.0,12.0,88000.0,3.0,7.0,5.0,0.0,1.0,480000.0,0.0
6.0,8.0,65000.0,3.0,0.0,5.0,0.0,1.0,500000.0,0.0
14.0,10.0,111500.0,4.0,4.0,5.0,0.0,5.0,200000.0,0.0
14.0,10.0,138000.0,2.0,4.0,5.0,0.0,2.0,120000.0,0.0
10.0,8.0,28000.0,3.0,0.0,5.0,0.0,1.0,290000.0,0.0
12.0,7.0,29000.0,3.0,0.0,4.0,0.0,2.0,70000.0,0.0
4.0,11.0,39800.0,3.0,0.0,5.0,0.0,1.0,302000.0,0.0
10.0,12.0,250000.0,3.0,0.0,5.0,7.0,2.0,250000.0,0.0
8.0,8.0,41000.0,3.0,0.0,5.0,0.0,1.0,480000.0,0.0
3.0,8.0,35000.0,2.0,0.0,4.0,0.0,1.0,455000.0,0.0
9.0,8.0,54000.0,3.0,0.0,5.0,2.0,1.0,350000.0,0.0
11.0,22.0,151000.0,4.0,7.0,8.0,0.0,2.0,500000.0,0.0
10.0,9.0,112000.0,4.0,7.0,7.0,0.0,2.0,400000.0,0.0
16.0,12.0,130000.0,3.0,4.0,5.0,0.0,2.0,250000.0,0.0
12.0,8.0,200000.0,4.0,0.0,5.0,0.0,2.0,300000.0,0.0
9.0,8.0,69654.0,4.0,4.0,5.0,0.0,1.0,460000.0,0.0
8.0,12.0,48862.0,3.0,4.0,5.0,0.0,2.0,481586.0,0.0
10.0,8.0,187500.0,4.0,1.0,5.0,0.0,2.0,500000.0,0.0
19.0,10.0,150000.0,3.0,0.0,5.0,0.0,2.0,120000.0,0.0
18.0,12.0,87000.0,3.0,4.0,5.0,0.0,3.0,130000.0,0.0
9.0,14.0,248604.0,4.0,7.0,5.0,0.0,1.0,500000.0,0.0
4.0,1.0,11000.0,3.0,0.0,5.0,0.0,1.0,315000.0,0.0
12.0,8.0,149000.0,4.0,4.0,5.0,0.0,3.0,300000.0,0.0
7.0,8.0,82186.0,3.0,0.0,5.0,0.0,2.0,211361.0,0.0
4.0,8.0,100000.0,3.0,4.0,5.0,0.0,1.0,450000.0,0.0
6.0,8.0,33377.0,3.0,0.0,5.0,0.0,1.0,400875.0,0.0
13.0,11.0,87000.0,4.0,7.0,5.0,0.0,3.0,210000.0,0.0
0.0,8.0,10000.0,3.0,5.0,7.0,0.0,1.0,300000.0,0.0
16.0,9.0,55000.0,4.0,7.0,7.0,0.0,2.0,250000.0,0.0
11.0,10.0,75000.0,4.0,0.0,5.0,0.0,1.0,335000.0,0.0
15.0,6.0,67000.0,3.0,0.0,5.0,0.0,2.0,100000.0,0.0
15.0,8.0,100000.0,3.0,6.0,0.0,0.0,5.0,180000.0,0.0
7.0,10.0,53000.0,3.0,0.0,5.0,0.0,2.0,230000.0,0.0
8.0,8.0,30000.0,3.0,0.0,5.0,0.0,1.0,250000.0,0.0
13.0,12.0,74600.0,3.0,4.0,5.0,0.0,1.0,298000.0,0.0
20.0,10.0,95000.0,3.0,0.0,5.0,0.0,3.0,100000.0,0.0
9.0,11.0,95000.0,4.0,7.0,7.0,0.0,3.0,400000.0,0.0
19.0,6.0,156088.0,4.0,7.0,0.0,0.0,2.0,245000.0,0.0
11.0,17.0,127030.0,4.0,4.0,5.0,0.0,3.0,349999.0,0.0
10.0,8.0,70000.0,3.0,0.0,5.0,0.0,5.0,350000.0,0.0
13.0,10.0,78000.0,3.0,4.0,5.0,0.0,2.0,150000.0,0.0
9.0,8.0,70397.0,3.0,0.0,5.0,0.0,2.0,360000.0,0.0
4.0,8.0,29254.0,3.0,0.0,5.0,0.0,1.0,495001.0,0.0
9.0,8.0,25000.0,3.0,0.0,5.0,0.0,1.0,200000.0,0.0
13.0,8.0,89500.0,2.0,0.0,5.0,0.0,2.0,315000.0,0.0
5.0,8.0,56000.0,3.0,0.0,5.0,0.0,2.0,321000.0,0.0
6.0,10.0,33000.0,3.0,0.0,5.0,0.0,1.0,500000.0,0.0
15.0,9.0,100000.0,4.0,7.0,7.0,0.0,4.0,180000.0,0.0
14.0,8.0,243000.0,4.0,4.0,5.0,0.0,1.0,210000.0,0.0
4.0,11.0,18244.0,3.0,0.0,5.0,0.0,1.0,430000.0,0.0
13.0,10.0,90000.0,2.0,0.0,5.0,0.0,2.0,225000.0,0.0
8.0,10.0,120000.0,3.0,0.0,5.0,0.0,1.0,379122.0,0.0
12.0,9.0,180000.0,4.0,7.0,7.0,0.0,2.0,350000.0,0.0
9.0,7.0,136000.0,4.0,1.0,5.0,0.0,2.0,350000.0,0.0
9.0,8.0,55000.0,3.0,0.0,5.0,0.0,1.0,290000.0,0.0
10.0,10.0,139000.0,4.0,4.0,5.0,7.0,2.0,360000.0,0.0
3.0,7.0,60000.0,3.0,0.0,5.0,0.0,1.0,420000.0,0.0
13.0,8.0,27000.0,3.0,0.0,5.0,0.0,1.0,220000.0,0.0
7.0,8.0,70000.0,2.0,6.0,5.0,0.0,1.0,475000.0,0.0
15.0,8.0,145000.0,3.0,0.0,5.0,0.0,5.0,140000.0,0.0
5.0,14.0,44105.0,3.0,0.0,5.0,0.0,1.0,483000.0,0.0
13.0,9.0,100000.0,4.0,7.0,7.0,0.0,3.0,500000.0,0.0
12.0,8.0,75000.0,4.0,7.0,7.0,0.0,6.0,400000.0,0.0
6.0,10.0,40045.0,4.0,0.0,5.0,0.0,1.0,450000.0,0.0
8.0,8.0,60000.0,4.0,0.0,5.0,0.0,2.0,375000.0,0.0
12.0,8.0,100000.0,3.0,4.0,5.0,0.0,4.0,300000.0,0.0
8.0,8.0,50000.0,3.0,0.0,5.0,0.0,2.0,260000.0,0.0
7.0,8.0,43000.0,3.0,0.0,5.0,2.0,1.0,345001.0,0.0
10.0,8.0,65000.0,3.0,0.0,5.0,0.0,3.0,330000.0,0.0
15.0,8.0,50000.0,3.0,0.0,5.0,0.0,1.0,250000.0,0.0
9.0,9.0,107000.0,3.0,0.0,5.0,0.0,3.0,250000.0,0.0
6.0,8.0,100000.0,2.0,0.0,5.0,0.0,1.0,390000.0,0.0
5.0,8.0,12000.0,3.0,0.0,5.0,0.0,5.0,300000.0,0.0
10.0,10.0,20800.0,3.0,0.0,5.0,0.0,1.0,350000.0,0.0
12.0,10.0,144445.0,4.0,0.0,5.0,0.0,5.0,250000.0,0.0
5.0,11.0,40183.0,3.0,5.0,7.0,0.0,1.0,425000.0,0.0
5.0,8.0,150000.0,3.0,0.0,5.0,0.0,1.0,320000.0,0.0
17.0,8.0,119500.0,3.0,0.0,5.0,0.0,1.0,200000.0,0.0
12.0,8.0,102111.0,1.0,0.0,4.0,0.0,3.0,176000.0,0.0
5.0,10.0,68500.0,3.0,0.0,5.0,0.0,2.0,425000.0,0.0
10.0,8.0,25000.0,3.0,0.0,5.0,0.0,1.0,400000.0,0.0
10.0,12.0,61374.0,4.0,1.0,5.0,0.0,1.0,355000.0,0.0
8.0,8.0,63000.0,3.0,0.0,5.0,0.0,2.0,310000.0,0.0
6.0,10.0,21000.0,3.0,0.0,5.0,0.0,1.0,410000.0,0.0
9.0,8.0,40000.0,3.0,0.0,5.0,0.0,2.0,435000.0,0.0
5.0,11.0,37082.0,3.0,0.0,5.0,0.0,1.0,376000.0,0.0
5.0,10.0,47000.0,3.0,0.0,5.0,0.0,1.0,400000.0,0.0
12.0,8.0,78000.0,4.0,0.0,5.0,0.0,2.0,350000.0,0.0
9.0,11.0,61000.0,3.0,0.0,5.0,0.0,2.0,199000.0,0.0
11.0,7.0,98000.0,4.0,7.0,7.0,0.0,2.0,380000.0,0.0
9.0,10.0,35000.0,3.0,0.0,5.0,0.0,1.0,500000.0,0.0
12.0,8.0,26900.0,3.0,5.0,7.0,0.0,1.0,485000.0,0.0
11.0,13.0,120000.0,4.0,7.0,5.0,0.0,3.0,350000.0,0.0
10.0,12.0,69276.0,3.0,4.0,5.0,0.0,1.0,452446.0,0.0
12.0,6.0,200000.0,4.0,7.0,8.0,0.0,3.0,150000.0,0.0
12.0,17.0,74000.0,4.0,0.0,5.0,0.0,2.0,200000.0,0.0
15.0,10.0,120000.0,4.0,0.0,5.0,0.0,3.0,190000.0,0.0
8.0,7.0,43937.0,3.0,0.0,5.0,0.0,1.0,373000.0,0.0
8.0,8.0,30000.0,3.0,6.0,8.0,0.0,3.0,233126.0,0.0
9.0,10.0,50000.0,3.0,0.0,5.0,0.0,2.0,400000.0,0.0
7.0,8.0,36000.0,3.0,0.0,5.0,0.0,2.0,450000.0,0.0
17.0,8.0,160000.0,1.0,0.0,5.0,0.0,2.0,190000.0,0.0
10.0,10.0,48724.0,3.0,0.0,5.0,0.0,1.0,380000.0,0.0
9.0,10.0,137500.0,3.0,0.0,5.0,0.0,1.0,461130.0,0.0
18.0,8.0,110000.0,3.0,0.0,5.0,0.0,3.0,100000.0,0.0
7.0,12.0,31524.0,3.0,0.0,5.0,0.0,2.0,455001.0,0.0
5.0,8.0,250000.0,3.0,0.0,5.0,0.0,1.0,350000.0,0.0
25.0,8.0,85000.0,3.0,0.0,0.0,0.0,1.0,30000.0,0.0
14.0,7.0,80000.0,4.0,0.0,5.0,0.0,2.0,270000.0,0.0
8.0,10.0,71245.0,3.0,0.0,5.0,7.0,1.0,400000.0,0.0
12.0,30.0,68000.0,4.0,7.0,5.0,7.0,2.0,499999.0,0.0
6.0,14.0,60000.0,4.0,0.0,5.0,0.0,1.0,500000.0,0.0
9.0,12.0,200000.0,3.0,1.0,5.0,0.0,1.0,250000.0,0.0
14.0,9.0,80000.0,4.0,7.0,7.0,0.0,1.0,350000.0,0.0
5.0,10.0,54508.0,3.0,0.0,5.0,0.0,1.0,475000.0,0.0
14.0,8.0,123000.0,1.0,0.0,5.0,0.0,2.0,185000.0,0.0
9.0,14.0,68805.0,4.0,7.0,5.0,0.0,1.0,493640.0,0.0
10.0,10.0,92257.0,3.0,0.0,5.0,0.0,2.0,500000.0,0.0
5.0,8.0,66501.0,3.0,0.0,5.0,0.0,2.0,285000.0,0.0
12.0,8.0,30000.0,3.0,6.0,8.0,0.0,2.0,185001.0,0.0
23.0,8.0,70471.0,3.0,4.0,0.0,0.0,1.0,75000.0,0.0
7.0,9.0,130000.0,4.0,7.0,7.0,0.0,2.0,500000.0,0.0
11.0,18.0,74498.0,4.0,0.0,5.0,0.0,1.0,435000.0,0.0
9.0,8.0,82000.0,3.0,0.0,5.0,0.0,2.0,200000.0,0.0
5.0,8.0,50000.0,3.0,3.0,5.0,0.0,1.0,500000.0,0.0
8.0,11.0,8075.0,3.0,0.0,5.0,2.0,1.0,338000.0,0.0
14.0,8.0,65000.0,3.0,0.0,5.0,0.0,1.0,120000.0,0.0
16.0,8.0,65000.0,3.0,0.0,5.0,0.0,1.0,90000.0,0.0
9.0,8.0,77096.0,3.0,0.0,5.0,0.0,1.0,270000.0,0.0
11.0,8.0,100000.0,3.0,4.0,5.0,0.0,1.0,200000.0,0.0
16.0,7.0,90000.0,4.0,0.0,5.0,0.0,3.0,175000.0,0.0
9.0,14.0,65000.0,4.0,7.0,5.0,0.0,1.0,500000.0,0.0
13.0,11.0,100000.0,4.0,7.0,5.0,7.0,2.0,450000.0,0.0
7.0,8.0,61000.0,3.0,0.0,5.0,2.0,2.0,375000.0,0.0
8.0,10.0,106000.0,4.0,0.0,5.0,0.0,1.0,500000.0,0.0
9.0,8.0,65000.0,4.0,1.0,5.0,0.0,3.0,400000.0,0.0
12.0,8.0,40000.0,3.0,4.0,5.0,7.0,1.0,350000.0,0.0
9.0,12.0,111500.0,4.0,1.0,5.0,0.0,2.0,380000.0,0.0
8.0,11.0,74787.0,3.0,0.0,5.0,0.0,2.0,260000.0,0.0
11.0,8.0,62485.0,3.0,4.0,5.0,0.0,1.0,370521.0,0.0
14.0,12.0,100000.0,3.0,4.0,0.0,7.0,1.0,300000.0,0.0
3.0,8.0,43236.0,3.0,0.0,5.0,0.0,1.0,440000.0,0.0
12.0,11.0,86000.0,4.0,7.0,5.0,0.0,2.0,250000.0,0.0
4.0,12.0,83904.0,3.0,1.0,5.0,0.0,2.0,476000.0,0.0
10.0,8.0,68000.0,4.0,4.0,5.0,0.0,1.0,425000.0,0.0
7.0,8.0,79000.0,3.0,0.0,5.0,0.0,1.0,355000.0,0.0
13.0,8.0,250000.0,4.0,0.0,5.0,0.0,1.0,304833.0,0.0
9.0,8.0,125000.0,4.0,1.0,5.0,0.0,5.0,350000.0,0.0
9.0,8.0,95000.0,3.0,0.0,5.0,0.0,1.0,220000.0,0.0
23.0,8.0,100000.0,3.0,0.0,0.0,0.0,5.0,80000.0,0.0
9.0,8.0,102000.0,4.0,7.0,5.0,0.0,2.0,475000.0,0.0
13.0,8.0,150000.0,2.0,0.0,5.0,0.0,3.0,80000.0,0.0
9.0,10.0,65000.0,4.0,0.0,5.0,0.0,3.0,500000.0,0.0
8.0,10.0,78000.0,3.0,0.0,5.0,0.0,1.0,375000.0,0.0
8.0,12.0,70567.0,3.0,1.0,5.0,7.0,2.0,450000.0,0.0
6.0,8.0,78000.0,3.0,0.0,5.0,0.0,3.0,280000.0,0.0
4.0,11.0,31203.0,3.0,0.0,5.0,0.0,1.0,303935.0,0.0
12.0,6.0,38757.0,3.0,0.0,5.0,0.0,1.0,170000.0,0.0
15.0,8.0,191000.0,3.0,0.0,5.0,0.0,2.0,160000.0,0.0
14.0,8.0,89000.0,3.0,0.0,5.0,0.0,1.0,155000.0,0.0
10.0,8.0,115000.0,3.0,0.0,5.0,0.0,2.0,230000.0,0.0
7.0,8.0,93360.0,3.0,0.0,5.0,0.0,1.0,250000.0,0.0
5.0,8.0,59000.0,3.0,0.0,5.0,0.0,1.0,490000.0,0.0
9.0,7.0,132000.0,4.0,1.0,5.0,0.0,2.0,162000.0,0.0
14.0,7.0,104000.0,4.0,0.0,5.0,0.0,3.0,150000.0,0.0
8.0,8.0,171000.0,4.0,7.0,5.0,0.0,1.0,500000.0,0.0
4.0,10.0,50000.0,3.0,0.0,5.0,0.0,1.0,500000.0,0.0
11.0,10.0,120000.0,4.0,0.0,5.0,0.0,2.0,400000.0,0.0
7.0,8.0,69800.0,3.0,0.0,5.0,0.0,2.0,350000.0,0.0
12.0,7.0,121000.0,4.0,1.0,5.0,0.0,3.0,260000.0,0.0
8.0,8.0,100000.0,3.0,0.0,5.0,0.0,1.0,300000.0,0.0
3.0,8.0,40000.0,3.0,0.0,5.0,0.0,2.0,250000.0,0.0
13.0,9.0,100000.0,4.0,7.0,7.0,0.0,2.0,150000.0,0.0
7.0,8.0,39000.0,3.0,0.0,5.0,0.0,1.0,310000.0,0.0
11.0,12.0,120000.0,4.0,7.0,7.0,0.0,2.0,485000.0,0.0
20.0,10.0,18000.0,3.0,4.0,5.0,0.0,1.0,200000.0,0.0
12.0,8.0,75000.0,3.0,4.0,5.0,0.0,2.0,300000.0,0.0
12.0,8.0,80000.0,4.0,0.0,5.0,0.0,2.0,380000.0,0.0
14.0,8.0,180000.0,4.0,4.0,5.0,0.0,1.0,180000.0,0.0
15.0,12.0,54200.0,3.0,4.0,5.0,0.0,1.0,145000.0,0.0
8.0,14.0,61613.0,4.0,7.0,5.0,0.0,2.0,500000.0,0.0
14.0,10.0,46631.0,3.0,0.0,5.0,0.0,2.0,99900.0,0.0
8.0,8.0,36535.0,3.0,0.0,5.0,0.0,1.0,325000.0,0.0
10.0,1.0,72140.0,3.0,0.0,5.0,0.0,1.0,265000.0,0.0
13.0,17.0,95822.0,4.0,4.0,5.0,0.0,3.0,279000.0,0.0
14.0,8.0,90000.0,4.0,0.0,5.0,0.0,2.0,185000.0,0.0
9.0,10.0,92806.0,3.0,0.0,5.0,0.0,1.0,410000.0,0.0
10.0,12.0,78000.0,4.0,4.0,5.0,0.0,3.0,295000.0,0.0
15.0,10.0,67870.0,3.0,0.0,5.0,0.0,5.0,125000.0,0.0
12.0,8.0,79000.0,2.0,0.0,5.0,0.0,4.0,200000.0,0.0
18.0,14.0,105000.0,4.0,4.0,5.0,0.0,5.0,135000.0,0.0
15.0,8.0,112500.0,3.0,0.0,5.0,0.0,5.0,125000.0,0.0
2.0,7.0,35000.0,3.0,3.0,5.0,0.0,1.0,500000.0,0.0
11.0,8.0,20000.0,3.0,6.0,8.0,0.0,1.0,160000.0,0.0
7.0,8.0,52000.0,3.0,0.0,5.0,0.0,1.0,350000.0,0.0
11.0,10.0,60000.0,4.0,0.0,5.0,0.0,3.0,250000.0,0.0
8.0,10.0,110000.0,3.0,0.0,5.0,0.0,1.0,450000.0,0.0
17.0,8.0,90000.0,3.0,0.0,5.0,0.0,3.0,233017.0,0.0
11.0,8.0,70000.0,3.0,6.0,8.0,0.0,1.0,220000.0,0.0
12.0,9.0,78000.0,4.0,7.0,7.0,0.0,2.0,150000.0,0.0
13.0,10.0,250000.0,4.0,0.0,5.0,0.0,6.0,225000.0,0.0
6.0,8.0,130000.0,3.0,0.0,5.0,0.0,2.0,280000.0,0.0
4.0,11.0,24000.0,3.0,3.0,5.0,0.0,1.0,480000.0,0.0
0.0,8.0,50000.0,2.0,2.0,5.0,0.0,5.0,200000.0,0.0
15.0,17.0,130000.0,4.0,4.0,5.0,7.0,2.0,400000.0,0.0
10.0,12.0,187500.0,3.0,0.0,5.0,0.0,3.0,200000.0,0.0
7.0,7.0,35000.0,3.0,0.0,5.0,0.0,1.0,350000.0,0.0
13.0,8.0,112000.0,1.0,0.0,5.0,0.0,1.0,180000.0,0.0
16.0,9.0,180000.0,4.0,7.0,7.0,0.0,3.0,200000.0,0.0
10.0,8.0,48673.0,3.0,4.0,5.0,0.0,1.0,446000.0,0.0
11.0,8.0,49903.0,3.0,0.0,5.0,0.0,2.0,290000.0,0.0
9.0,9.0,100007.0,4.0,0.0,6.0,0.0,1.0,350000.0,0.0
10.0,8.0,72500.0,3.0,1.0,5.0,0.0,1.0,350000.0,0.0
12.0,8.0,49000.0,3.0,4.0,5.0,0.0,1.0,375000.0,0.0
17.0,9.0,26000.0,4.0,7.0,7.0,0.0,2.0,275000.0,0.0
9.0,8.0,36267.0,3.0,0.0,5.0,0.0,2.0,275000.0,0.0
15.0,10.0,126000.0,3.0,0.0,5.0,0.0,2.0,150000.0,0.0
15.0,8.0,76000.0,3.0,6.0,5.0,0.0,2.0,210000.0,0.0
8.0,10.0,107000.0,4.0,0.0,5.0,0.0,2.0,450000.0,0.0
8.0,10.0,112100.0,3.0,0.0,5.0,0.0,1.0,210000.0,0.0
6.0,10.0,34000.0,3.0,0.0,5.0,0.0,1.0,450000.0,0.0
2.0,8.0,9000.0,3.0,0.0,5.0,0.0,1.0,500000.0,0.0
9.0,8.0,72000.0,3.0,0.0,5.0,0.0,1.0,300000.0,0.0
6.0,8.0,110473.0,3.0,0.0,5.0,0.0,1.0,378256.0,0.0
11.0,22.0,162500.0,4.0,0.0,5.0,0.0,3.0,425000.0,0.0
15.0,8.0,70000.0,3.0,0.0,5.0,0.0,3.0,120000.0,0.0
6.0,11.0,15000.0,3.0,0.0,5.0,0.0,1.0,441000.0,0.0
11.0,8.0,114000.0,3.0,0.0,5.0,0.0,2.0,195000.0,0.0
4.0,14.0,35500.0,3.0,0.0,5.0,0.0,1.0,500000.0,0.0
16.0,8.0,112000.0,1.0,0.0,4.0,0.0,2.0,150000.0,0.0
7.0,7.0,80000.0,3.0,0.0,5.0,0.0,1.0,375000.0,0.0
11.0,14.0,68800.0,4.0,7.0,5.0,0.0,1.0,370000.0,0.0
20.0,10.0,123000.0,3.0,0.0,5.0,0.0,3.0,200000.0,0.0
12.0,14.0,90000.0,3.0,0.0,5.0,0.0,2.0,300000.0,0.0
1.0,8.0,12000.0,3.0,0.0,5.0,0.0,1.0,400000.0,0.0
10.0,12.0,55000.0,3.0,7.0,7.0,0.0,2.0,450000.0,0.0
8.0,7.0,250000.0,4.0,7.0,7.0,0.0,1.0,350000.0,0.0
9.0,11.0,121000.0,3.0,0.0,5.0,0.0,2.0,199900.0,0.0
8.0,8.0,51722.0,3.0,0.0,5.0,2.0,1.0,450000.0,0.0
16.0,9.0,187500.0,4.0,7.0,7.0,0.0,5.0,200000.0,0.0
7.0,10.0,71000.0,4.0,0.0,5.0,0.0,1.0,480000.0,0.0
11.0,18.0,50000.0,3.0,0.0,5.0,0.0,1.0,390000.0,0.0
9.0,9.0,110000.0,4.0,7.0,7.0,0.0,3.0,500000.0,0.0
13.0,9.0,95000.0,4.0,7.0,5.0,0.0,5.0,250000.0,0.0
7.0,1.0,28000.0,3.0,0.0,5.0,0.0,1.0,265000.0,0.0
15.0,10.0,99000.0,3.0,0.0,5.0,0.0,2.0,130000.0,0.0
13.0,8.0,82000.0,3.0,0.0,5.0,0.0,2.0,210000.0,0.0
4.0,9.0,90000.0,4.0,3.0,7.0,0.0,1.0,500000.0,0.0
7.0,9.0,250000.0,4.0,7.0,0.0,0.0,1.0,250000.0,0.0
9.0,14.0,48500.0,4.0,7.0,5.0,0.0,1.0,370000.0,0.0
7.0,11.0,90000.0,4.0,7.0,5.0,0.0,1.0,499000.0,0.0
11.0,8.0,84688.0,3.0,0.0,5.0,7.0,2.0,265000.0,0.0
8.0,18.0,181000.0,4.0,1.0,5.0,7.0,2.0,450000.0,0.0
13.0,8.0,137000.0,4.0,0.0,5.0,0.0,2.0,375000.0,0.0
3.0,7.0,7000.0,3.0,0.0,5.0,0.0,1.0,450000.0,0.0
7.0,8.0,35000.0,3.0,0.0,5.0,0.0,2.0,425000.0,0.0
8.0,8.0,87000.0,2.0,0.0,5.0,0.0,1.0,275000.0,0.0
13.0,8.0,176400.0,1.0,0.0,4.0,0.0,3.0,200000.0,0.0
11.0,6.0,123000.0,4.0,7.0,8.0,0.0,2.0,220000.0,0.0
8.0,13.0,55000.0,3.0,0.0,5.0,0.0,2.0,302479.0,0.0
13.0,8.0,215000.0,4.0,0.0,5.0,0.0,2.0,340000.0,0.0
6.0,10.0,64000.0,4.0,0.0,5.0,0.0,1.0,425000.0,0.0
18.0,12.0,50000.0,3.0,4.0,5.0,0.0,4.0,200000.0,0.0
14.0,10.0,150000.0,3.0,0.0,5.0,0.0,2.0,160000.0,0.0
20.0,9.0,100000.0,4.0,7.0,0.0,0.0,1.0,80000.0,0.0
7.0,14.0,100000.0,3.0,0.0,5.0,0.0,1.0,500000.0,0.0
10.0,10.0,80000.0,3.0,0.0,5.0,0.0,1.0,450000.0,0.0
12.0,8.0,100000.0,4.0,4.0,5.0,0.0,1.0,500000.0,0.0
7.0,7.0,49000.0,3.0,0.0,5.0,0.0,1.0,300000.0,0.0
12.0,8.0,68000.0,3.0,0.0,5.0,0.0,1.0,375000.0,0.0
11.0,14.0,250000.0,4.0,7.0,5.0,0.0,3.0,340754.0,0.0
15.0,10.0,109006.0,3.0,0.0,5.0,0.0,3.0,125000.0,0.0
12.0,8.0,85279.0,4.0,4.0,5.0,0.0,2.0,350000.0,0.0
9.0,10.0,120000.0,4.0,0.0,5.0,0.0,3.0,420000.0,0.0
13.0,7.0,134500.0,4.0,0.0,5.0,0.0,2.0,120000.0,0.0
4.0,8.0,65000.0,3.0,6.0,5.0,0.0,1.0,430000.0,0.0
11.0,8.0,67429.0,3.0,0.0,5.0,7.0,1.0,330000.0,0.0
9.0,8.0,76757.0,4.0,4.0,5.0,0.0,2.0,386000.0,0.0
14.0,10.0,60000.0,3.0,0.0,5.0,0.0,2.0,260000.0,0.0
9.0,8.0,135000.0,4.0,0.0,5.0,0.0,2.0,300000.0,0.0
12.0,14.0,148000.0,4.0,7.0,5.0,0.0,3.0,490000.0,0.0
4.0,8.0,58000.0,3.0,0.0,5.0,0.0,1.0,450000.0,0.0
16.0,10.0,95000.0,3.0,0.0,5.0,0.0,5.0,150000.0,0.0
4.0,11.0,29715.0,3.0,0.0,5.0,0.0,1.0,393000.0,0.0
9.0,11.0,23000.0,3.0,0.0,5.0,0.0,2.0,185000.0,0.0
10.0,7.0,112500.0,4.0,0.0,5.0,0.0,1.0,200000.0,0.0
10.0,10.0,89000.0,3.0,0.0,5.0,0.0,1.0,325000.0,0.0
5.0,10.0,75000.0,3.0,1.0,5.0,0.0,1.0,500000.0,0.0
13.0,8.0,195000.0,4.0,0.0,5.0,0.0,1.0,280000.0,0.0
10.0,8.0,35000.0,3.0,0.0,5.0,0.0,1.0,275000.0,0.0
4.0,8.0,28600.0,3.0,0.0,5.0,0.0,2.0,415000.0,0.0
3.0,8.0,49000.0,3.0,6.0,5.0,0.0,1.0,485000.0,0.0
13.0,10.0,91310.0,4.0,4.0,5.0,0.0,2.0,420000.0,0.0
6.0,8.0,25000.0,3.0,0.0,5.0,0.0,1.0,325000.0,0.0
6.0,8.0,70000.0,3.0,0.0,5.0,0.0,1.0,460000.0,0.0
3.0,8.0,27035.0,3.0,0.0,5.0,0.0,1.0,359000.0,0.0
11.0,13.0,132000.0,4.0,7.0,5.0,0.0,2.0,245000.0,0.0
12.0,9.0,75000.0,4.0,7.0,7.0,0.0,1.0,500000.0,0.0
15.0,22.0,39000.0,3.0,4.0,5.0,0.0,3.0,350000.0,0.0
11.0,8.0,70000.0,3.0,4.0,5.0,0.0,1.0,220000.0,0.0
15.0,8.0,22500.0,3.0,6.0,5.0,0.0,1.0,145000.0,0.0
15.0,7.0,166000.0,4.0,4.0,5.0,0.0,2.0,200000.0,0.0
11.0,10.0,85000.0,4.0,1.0,5.0,0.0,3.0,300000.0,0.0
2.0,8.0,106000.0,3.0,0.0,5.0,0.0,1.0,500000.0,0.0
16.0,17.0,30000.0,3.0,0.0,5.0,0.0,1.0,280000.0,0.0
10.0,8.0,120000.0,4.0,1.0,5.0,0.0,2.0,350000.0,0.0
11.0,8.0,120000.0,4.0,0.0,5.0,0.0,4.0,400000.0,0.0
8.0,8.0,76322.0,3.0,0.0,5.0,7.0,2.0,395111.0,0.0
14.0,8.0,100000.0,3.0,0.0,0.0,0.0,1.0,50000.0,0.0
6.0,8.0,76313.0,3.0,0.0,5.0,0.0,1.0,370856.0,0.0
6.0,8.0,121000.0,2.0,0.0,5.0,0.0,3.0,270000.0,0.0
9.0,8.0,175000.0,3.0,0.0,5.0,0.0,1.0,300000.0,0.0
4.0,7.0,20000.0,3.0,0.0,5.0,0.0,1.0,500000.0,0.0
13.0,8.0,75000.0,3.0,0.0,5.0,0.0,2.0,80000.0,0.0
14.0,6.0,65000.0,4.0,7.0,0.0,0.0,2.0,375000.0,0.0
11.0,10.0,152000.0,4.0,0.0,5.0,0.0,2.0,285000.0,0.0
6.0,8.0,210000.0,4.0,1.0,5.0,0.0,2.0,445000.0,0.0
10.0,22.0,85000.0,4.0,0.0,5.0,0.0,3.0,290000.0,0.0
6.0,8.0,46000.0,3.0,0.0,5.0,0.0,1.0,380000.0,0.0
14.0,8.0,85000.0,3.0,0.0,5.0,0.0,1.0,100000.0,0.0
7.0,7.0,38000.0,4.0,0.0,5.0,0.0,1.0,374000.0,0.0
15.0,8.0,101400.0,3.0,0.0,5.0,0.0,5.0,145000.0,0.0
17.0,8.0,135000.0,3.0,0.0,5.0,0.0,2.0,75000.0,0.0
13.0,10.0,100000.0,3.0,0.0,5.0,0.0,3.0,200000.0,0.0
15.0,9.0,100000.0,4.0,7.0,7.0,0.0,3.0,425000.0,0.0
15.0,8.0,40000.0,3.0,0.0,5.0,0.0,1.0,250000.0,0.0
19.0,8.0,55000.0,3.0,0.0,5.0,0.0,3.0,65000.0,0.0
14.0,9.0,240000.0,4.0,7.0,7.0,0.0,5.0,300000.0,0.0
12.0,8.0,200000.0,4.0,4.0,5.0,0.0,2.0,450000.0,0.0
11.0,8.0,70000.0,4.0,4.0,5.0,0.0,1.0,300000.0,0.0
16.0,10.0,85000.0,4.0,4.0,5.0,0.0,3.0,200000.0,0.0
12.0,8.0,87470.0,3.0,0.0,5.0,0.0,2.0,228000.0,0.0
3.0,11.0,60000.0,3.0,0.0,5.0,0.0,1.0,500000.0,0.0
10.0,8.0,174000.0,3.0,0.0,5.0,0.0,1.0,320000.0,0.0
7.0,10.0,45000.0,3.0,0.0,5.0,0.0,2.0,315000.0,0.0
9.0,8.0,197000.0,4.0,1.0,5.0,0.0,1.0,500000.0,0.0
10.0,12.0,61228.0,3.0,0.0,5.0,0.0,1.0,390000.0,0.0
9.0,11.0,146000.0,4.0,7.0,5.0,0.0,1.0,350000.0,0.0
7.0,11.0,50000.0,3.0,0.0,5.0,0.0,1.0,250000.0,0.0
11.0,12.0,95000.0,3.0,4.0,5.0,0.0,2.0,360000.0,0.0
11.0,10.0,64000.0,2.0,0.0,5.0,0.0,1.0,270000.0,0.0
10.0,8.0,87000.0,4.0,4.0,5.0,0.0,2.0,485000.0,0.0
11.0,8.0,93000.0,4.0,0.0,5.0,0.0,3.0,500000.0,0.0
0.0,22.0,50000.0,3.0,7.0,0.0,0.0,1.0,500000.0,0.0
10.0,7.0,65000.0,4.0,1.0,5.0,0.0,1.0,350000.0,0.0
10.0,8.0,128000.0,4.0,7.0,7.0,0.0,1.0,450000.0,0.0
12.0,9.0,120000.0,4.0,7.0,7.0,0.0,2.0,500000.0,0.0
10.0,8.0,42000.0,3.0,0.0,5.0,0.0,1.0,350000.0,0.0
12.0,8.0,40000.0,3.0,0.0,5.0,0.0,1.0,300000.0,0.0
11.0,8.0,62000.0,3.0,0.0,5.0,0.0,1.0,200000.0,0.0
12.0,10.0,91488.0,3.0,0.0,5.0,0.0,2.0,120000.0,0.0
13.0,12.0,77000.0,3.0,0.0,5.0,0.0,1.0,195000.0,0.0
14.0,8.0,160000.0,4.0,0.0,5.0,0.0,3.0,250000.0,0.0
4.0,8.0,100000.0,3.0,0.0,5.0,0.0,1.0,400000.0,0.0
8.0,11.0,75000.0,3.0,0.0,5.0,0.0,3.0,170000.0,0.0
7.0,7.0,162500.0,3.0,0.0,5.0,0.0,1.0,350000.0,0.0
8.0,8.0,55000.0,3.0,0.0,5.0,0.0,5.0,400000.0,0.0
14.0,18.0,100000.0,4.0,4.0,5.0,0.0,1.0,450000.0,0.0
14.0,18.0,85000.0,4.0,4.0,5.0,0.0,3.0,295000.0,0.0
9.0,10.0,58000.0,3.0,0.0,5.0,7.0,1.0,410000.0,0.0
10.0,10.0,73000.0,4.0,0.0,5.0,0.0,1.0,380000.0,0.0
11.0,13.0,81000.0,4.0,7.0,5.0,0.0,1.0,325000.0,0.0
9.0,8.0,60000.0,3.0,6.0,0.0,0.0,1.0,230000.0,0.0
12.0,14.0,160000.0,4.0,0.0,5.0,0.0,1.0,200000.0,0.0
1.0,7.0,100000.0,3.0,0.0,5.0,0.0,1.0,500000.0,0.0
11.0,8.0,55000.0,3.0,0.0,5.0,0.0,1.0,450000.0,0.0
13.0,11.0,209140.0,4.0,7.0,5.0,0.0,3.0,250000.0,0.0
13.0,5.0,140000.0,4.0,0.0,5.0,0.0,3.0,250000.0,0.0
7.0,8.0,67076.0,3.0,0.0,5.0,0.0,2.0,299000.0,0.0
13.0,22.0,74652.0,3.0,0.0,5.0,0.0,1.0,188000.0,0.0
5.0,8.0,45000.0,3.0,0.0,5.0,0.0,2.0,350000.0,0.0
14.0,8.0,65000.0,3.0,0.0,5.0,0.0,1.0,175000.0,0.0
13.0,10.0,86000.0,3.0,0.0,5.0,0.0,2.0,250000.0,0.0
4.0,8.0,30000.0,3.0,0.0,5.0,0.0,1.0,350000.0,0.0
10.0,8.0,75000.0,4.0,0.0,5.0,0.0,1.0,225000.0,0.0
6.0,10.0,45000.0,3.0,0.0,5.0,0.0,1.0,500000.0,0.0
8.0,8.0,22000.0,3.0,0.0,5.0,2.0,1.0,395000.0,0.0
17.0,10.0,65000.0,3.0,0.0,5.0,0.0,2.0,250000.0,0.0
1.0,8.0,112500.0,3.0,0.0,5.0,0.0,1.0,300000.0,0.0
14.0,10.0,99000.0,3.0,0.0,5.0,0.0,2.0,140000.0,0.0
13.0,17.0,175000.0,4.0,4.0,5.0,0.0,2.0,400000.0,0.0
9.0,11.0,80000.0,4.0,7.0,5.0,0.0,1.0,350000.0,0.0
8.0,11.0,55000.0,3.0,0.0,5.0,2.0,2.0,275000.0,0.0
10.0,11.0,74500.0,3.0,0.0,5.0,0.0,1.0,275000.0,0.0
14.0,17.0,85000.0,4.0,7.0,5.0,0.0,2.0,475000.0,0.0
15.0,10.0,125000.0,3.0,0.0,5.0,0.0,2.0,125000.0,0.0
13.0,22.0,230000.0,4.0,0.0,5.0,0.0,1.0,475000.0,0.0
12.0,11.0,133000.0,4.0,7.0,5.0,0.0,4.0,250000.0,0.0
10.0,8.0,95000.0,3.0,0.0,5.0,0.0,1.0,265000.0,0.0
8.0,18.0,120000.0,3.0,4.0,5.0,0.0,1.0,300000.0,0.0
11.0,10.0,183689.0,4.0,0.0,5.0,0.0,3.0,180000.0,0.0
12.0,8.0,87000.0,3.0,0.0,5.0,0.0,2.0,305000.0,0.0
18.0,10.0,75000.0,3.0,0.0,5.0,0.0,3.0,80000.0,0.0
9.0,10.0,100200.0,3.0,0.0,5.0,0.0,1.0,319000.0,0.0
7.0,10.0,53515.0,3.0,0.0,5.0,0.0,1.0,494648.0,0.0
9.0,8.0,137500.0,3.0,0.0,5.0,0.0,1.0,375000.0,0.0
13.0,9.0,144200.0,4.0,7.0,7.0,0.0,2.0,250000.0,0.0
13.0,8.0,80128.0,3.0,0.0,5.0,0.0,1.0,290000.0,0.0
15.0,7.0,153000.0,4.0,0.0,5.0,0.0,2.0,130000.0,0.0
15.0,7.0,95000.0,4.0,0.0,5.0,0.0,2.0,133369.0,0.0
8.0,8.0,176800.0,4.0,7.0,5.0,0.0,3.0,420000.0,0.0
13.0,10.0,92000.0,3.0,0.0,5.0,0.0,2.0,300000.0,0.0
13.0,11.0,112000.0,4.0,7.0,5.0,7.0,1.0,350000.0,0.0
9.0,9.0,64000.0,4.0,7.0,7.0,0.0,1.0,500000.0,0.0
3.0,8.0,76000.0,3.0,0.0,5.0,0.0,1.0,400000.0,0.0
12.0,9.0,113594.0,4.0,1.0,5.0,0.0,1.0,435000.0,0.0
16.0,8.0,59000.0,3.0,0.0,5.0,0.0,2.0,151000.0,0.0
11.0,8.0,150000.0,4.0,4.0,5.0,0.0,1.0,400000.0,0.0
11.0,8.0,183500.0,3.0,0.0,5.0,0.0,2.0,150000.0,0.0
11.0,14.0,120000.0,4.0,0.0,5.0,0.0,3.0,300000.0,0.0
6.0,1.0,78000.0,3.0,0.0,5.0,0.0,1.0,225000.0,0.0
12.0,10.0,79000.0,3.0,0.0,5.0,0.0,1.0,300000.0,0.0
6.0,8.0,35000.0,2.0,6.0,5.0,0.0,1.0,400000.0,0.0
7.0,8.0,81235.0,3.0,0.0,5.0,0.0,1.0,433985.0,0.0
13.0,8.0,80000.0,3.0,4.0,5.0,0.0,3.0,351000.0,0.0
8.0,8.0,54900.0,3.0,0.0,5.0,0.0,1.0,340000.0,0.0
12.0,8.0,84529.0,3.0,0.0,5.0,0.0,2.0,250000.0,0.0
12.0,9.0,60494.0,4.0,7.0,7.0,0.0,1.0,465000.0,0.0
11.0,8.0,95000.0,4.0,4.0,5.0,0.0,2.0,450000.0,0.0
7.0,8.0,38000.0,3.0,0.0,5.0,2.0,2.0,400000.0,0.0
11.0,17.0,71000.0,4.0,4.0,5.0,0.0,1.0,450000.0,0.0
10.0,8.0,119515.0,3.0,4.0,5.0,0.0,1.0,425000.0,0.0
14.0,7.0,15000.0,4.0,0.0,5.0,0.0,2.0,150000.0,0.0
5.0,7.0,75000.0,3.0,0.0,5.0,0.0,2.0,450000.0,0.0
4.0,8.0,90000.0,2.0,0.0,5.0,0.0,1.0,35000.0,0.0
7.0,11.0,127500.0,4.0,7.0,5.0,7.0,1.0,500000.0,0.0
11.0,8.0,16000.0,3.0,4.0,5.0,0.0,1.0,300000.0,0.0
6.0,8.0,71000.0,3.0,0.0,5.0,0.0,1.0,325586.0,0.0
10.0,8.0,200000.0,3.0,0.0,5.0,0.0,1.0,350000.0,0.0
12.0,8.0,107000.0,3.0,0.0,5.0,0.0,2.0,200000.0,0.0
11.0,8.0,79135.0,3.0,4.0,5.0,0.0,1.0,350000.0,0.0
15.0,8.0,140000.0,3.0,0.0,5.0,0.0,6.0,130000.0,0.0
9.0,8.0,75000.0,3.0,1.0,5.0,0.0,3.0,420000.0,0.0
19.0,22.0,100000.0,4.0,7.0,8.0,0.0,2.0,250000.0,0.0
15.0,12.0,120000.0,3.0,4.0,5.0,0.0,3.0,250000.0,0.0
10.0,8.0,97493.0,3.0,0.0,5.0,0.0,3.0,275000.0,0.0
12.0,9.0,95000.0,4.0,7.0,7.0,0.0,3.0,250000.0,0.0
10.0,8.0,107125.0,4.0,4.0,5.0,0.0,1.0,475000.0,0.0
7.0,8.0,35000.0,3.0,0.0,5.0,0.0,1.0,325000.0,0.0
7.0,10.0,70000.0,4.0,1.0,5.0,0.0,3.0,399999.0,0.0
8.0,8.0,42000.0,3.0,0.0,5.0,7.0,1.0,375000.0,0.0
8.0,8.0,54402.0,3.0,0.0,5.0,0.0,1.0,495000.0,0.0
11.0,5.0,100000.0,4.0,0.0,5.0,0.0,1.0,250000.0,0.0
5.0,11.0,24000.0,3.0,0.0,5.0,0.0,1.0,299000.0,0.0
12.0,8.0,196000.0,4.0,0.0,5.0,0.0,5.0,350000.0,0.0
12.0,13.0,77000.0,4.0,7.0,5.0,0.0,1.0,490000.0,0.0
7.0,8.0,267000.0,4.0,0.0,5.0,0.0,1.0,450000.0,0.0
15.0,9.0,110224.0,4.0,7.0,7.0,0.0,2.0,304746.0,0.0
14.0,6.0,85000.0,3.0,0.0,5.0,0.0,1.0,110000.0,0.0
8.0,7.0,136000.0,4.0,0.0,5.0,0.0,1.0,400000.0,0.0
15.0,8.0,187500.0,3.0,0.0,5.0,0.0,2.0,169107.0,0.0
13.0,6.0,67000.0,3.0,0.0,5.0,0.0,2.0,200000.0,0.0
7.0,7.0,57206.0,3.0,0.0,5.0,0.0,3.0,325000.0,0.0
11.0,8.0,38000.0,3.0,0.0,5.0,0.0,2.0,285000.0,0.0
1.0,8.0,27000.0,3.0,0.0,5.0,0.0,2.0,440000.0,0.0
12.0,10.0,27000.0,3.0,0.0,5.0,0.0,1.0,300000.0,0.0
17.0,8.0,70000.0,3.0,0.0,5.0,0.0,2.0,55000.0,0.0
10.0,7.0,73000.0,4.0,1.0,5.0,0.0,2.0,370000.0,0.0
12.0,9.0,107206.0,4.0,7.0,7.0,0.0,2.0,200000.0,0.0
11.0,6.0,142000.0,3.0,0.0,5.0,0.0,2.0,250000.0,0.0
10.0,10.0,78647.0,3.0,0.0,5.0,0.0,2.0,345000.0,0.0
15.0,6.0,110000.0,3.0,0.0,5.0,0.0,6.0,100000.0,0.0
20.0,8.0,94000.0,3.0,0.0,5.0,0.0,2.0,100000.0,0.0
9.0,12.0,80775.0,3.0,0.0,5.0,0.0,1.0,450000.0,0.0
10.0,10.0,89578.0,4.0,4.0,5.0,0.0,2.0,450000.0,0.0
6.0,7.0,54641.0,3.0,0.0,5.0,0.0,1.0,435500.0,0.0
13.0,9.0,177000.0,4.0,7.0,7.0,0.0,3.0,450000.0,0.0
9.0,22.0,45000.0,4.0,4.0,5.0,0.0,2.0,400000.0,0.0
3.0,8.0,43013.0,3.0,6.0,5.0,0.0,1.0,500000.0,0.0
11.0,12.0,250000.0,4.0,4.0,5.0,0.0,2.0,250000.0,0.0
10.0,10.0,73651.0,4.0,0.0,5.0,0.0,2.0,449000.0,0.0
6.0,10.0,60000.0,3.0,0.0,5.0,0.0,1.0,355000.0,0.0
8.0,8.0,35240.0,3.0,0.0,5.0,0.0,2.0,425000.0,0.0
10.0,8.0,35000.0,3.0,0.0,5.0,0.0,2.0,312240.0,0.0
16.0,9.0,85000.0,4.0,7.0,0.0,0.0,1.0,330000.0,0.0
10.0,8.0,67000.0,3.0,0.0,5.0,0.0,1.0,315000.0,0.0
10.0,8.0,35000.0,4.0,4.0,5.0,0.0,3.0,475000.0,0.0
19.0,9.0,80000.0,4.0,7.0,0.0,0.0,1.0,250000.0,0.0
14.0,7.0,98567.0,4.0,4.0,5.0,0.0,1.0,180000.0,0.0
12.0,11.0,120000.0,4.0,7.0,5.0,0.0,2.0,450000.0,0.0
16.0,10.0,58314.0,3.0,0.0,5.0,0.0,2.0,125000.0,0.0
4.0,11.0,14000.0,3.0,0.0,5.0,0.0,1.0,359000.0,0.0
12.0,10.0,68000.0,4.0,4.0,5.0,0.0,2.0,440000.0,0.0
7.0,8.0,66900.0,3.0,0.0,5.0,0.0,1.0,350000.0,0.0
10.0,8.0,124560.0,4.0,0.0,5.0,0.0,3.0,450000.0,0.0
7.0,8.0,12949.0,3.0,6.0,5.0,0.0,1.0,387904.0,0.0
14.0,10.0,45000.0,3.0,0.0,5.0,0.0,1.0,185000.0,0.0
13.0,8.0,150000.0,4.0,7.0,7.0,0.0,3.0,350000.0,0.0
15.0,8.0,105576.0,3.0,0.0,5.0,0.0,2.0,185000.0,0.0
7.0,10.0,68308.0,3.0,0.0,5.0,0.0,1.0,468076.0,0.0
3.0,8.0,36000.0,3.0,0.0,5.0,0.0,2.0,380000.0,0.0
9.0,10.0,100000.0,4.0,0.0,5.0,0.0,1.0,500000.0,0.0
8.0,8.0,169000.0,4.0,4.0,5.0,0.0,1.0,399000.0,0.0
5.0,7.0,100000.0,4.0,8.0,0.0,0.0,1.0,100000.0,0.0
10.0,8.0,95000.0,3.0,1.0,5.0,0.0,2.0,500000.0,0.0
10.0,10.0,58823.0,3.0,0.0,5.0,0.0,2.0,399999.0,0.0
9.0,8.0,167000.0,4.0,1.0,5.0,0.0,3.0,450000.0,0.0
8.0,10.0,114166.0,3.0,0.0,5.0,0.0,1.0,425000.0,0.0
11.0,7.0,75000.0,4.0,7.0,7.0,0.0,2.0,375000.0,0.0
10.0,10.0,31864.0,3.0,0.0,5.0,0.0,1.0,450000.0,0.0
9.0,8.0,60000.0,3.0,1.0,5.0,0.0,2.0,375000.0,0.0
10.0,10.0,75000.0,3.0,0.0,5.0,0.0,2.0,425000.0,0.0
21.0,7.0,100000.0,4.0,0.0,5.0,0.0,5.0,120000.0,0.0
9.0,9.0,57000.0,3.0,0.0,6.0,0.0,1.0,385000.0,0.0
11.0,8.0,60000.0,3.0,0.0,5.0,0.0,2.0,320000.0,0.0
8.0,8.0,60100.0,3.0,0.0,5.0,2.0,1.0,400000.0,0.0
10.0,12.0,71705.0,4.0,0.0,5.0,0.0,1.0,340000.0,0.0
7.0,14.0,95000.0,4.0,1.0,5.0,0.0,1.0,490000.0,0.0
11.0,9.0,200000.0,4.0,7.0,7.0,0.0,1.0,500000.0,0.0
7.0,8.0,75000.0,3.0,0.0,5.0,2.0,1.0,400000.0,0.0
9.0,10.0,68802.0,3.0,0.0,5.0,0.0,1.0,359231.0,0.0
19.0,12.0,87000.0,3.0,4.0,5.0,0.0,2.0,150000.0,0.0
7.0,10.0,35000.0,3.0,1.0,5.0,0.0,1.0,481224.0,0.0
12.0,12.0,96123.0,3.0,4.0,5.0,0.0,1.0,365000.0,0.0
19.0,9.0,148800.0,4.0,7.0,10.0,0.0,1.0,150000.0,0.0
4.0,8.0,32782.0,3.0,0.0,5.0,0.0,1.0,410000.0,0.0
6.0,7.0,250000.0,4.0,1.0,5.0,0.0,1.0,430000.0,0.0
8.0,14.0,35000.0,3.0,1.0,5.0,0.0,1.0,350000.0,0.0
8.0,11.0,250000.0,3.0,0.0,5.0,7.0,2.0,210000.0,0.0
11.0,9.0,80000.0,4.0,7.0,7.0,0.0,2.0,450000.0,0.0
10.0,13.0,120000.0,4.0,7.0,5.0,0.0,2.0,400000.0,0.0
11.0,13.0,75000.0,4.0,0.0,5.0,0.0,1.0,199000.0,0.0
11.0,10.0,42000.0,3.0,0.0,5.0,0.0,1.0,420000.0,0.0
11.0,12.0,73000.0,4.0,7.0,7.0,0.0,2.0,475000.0,0.0
3.0,8.0,55000.0,3.0,0.0,5.0,0.0,1.0,350000.0,0.0
10.0,8.0,82900.0,3.0,0.0,5.0,0.0,1.0,275000.0,0.0
10.0,8.0,80000.0,3.0,0.0,5.0,0.0,2.0,350000.0,0.0
12.0,8.0,66000.0,2.0,0.0,5.0,0.0,2.0,360000.0,0.0
14.0,10.0,95000.0,4.0,4.0,5.0,0.0,2.0,200000.0,0.0
12.0,9.0,90000.0,4.0,7.0,7.0,0.0,3.0,350000.0,0.0
1.0,8.0,50000.0,3.0,0.0,5.0,2.0,1.0,500000.0,0.0
7.0,10.0,43000.0,3.0,0.0,5.0,0.0,1.0,500000.0,0.0
15.0,8.0,70000.0,3.0,0.0,5.0,0.0,2.0,147000.0,0.0
16.0,8.0,95000.0,4.0,4.0,5.0,0.0,2.0,250000.0,0.0
4.0,11.0,75000.0,3.0,5.0,7.0,0.0,2.0,500000.0,0.0
11.0,10.0,55000.0,3.0,0.0,5.0,0.0,1.0,300000.0,0.0
15.0,8.0,70000.0,3.0,0.0,0.0,0.0,2.0,75000.0,0.0
11.0,7.0,110000.0,4.0,1.0,5.0,0.0,2.0,300000.0,0.0
8.0,8.0,58399.0,3.0,0.0,5.0,0.0,1.0,480454.0,0.0
9.0,10.0,49000.0,3.0,4.0,5.0,0.0,1.0,450000.0,0.0
8.0,10.0,62255.0,3.0,0.0,5.0,0.0,1.0,425000.0,0.0
6.0,8.0,75000.0,3.0,0.0,5.0,0.0,2.0,300000.0,0.0
6.0,8.0,27599.0,3.0,0.0,5.0,0.0,1.0,445000.0,0.0
11.0,8.0,101000.0,4.0,4.0,5.0,0.0,3.0,500000.0,0.0
16.0,10.0,96000.0,3.0,0.0,5.0,0.0,2.0,180000.0,0.0
9.0,8.0,127000.0,4.0,0.0,5.0,0.0,2.0,420000.0,0.0
7.0,1.0,86000.0,3.0,0.0,7.0,0.0,2.0,270000.0,0.0
1.0,8.0,8000.0,3.0,0.0,5.0,0.0,1.0,450000.0,0.0
6.0,7.0,59204.0,4.0,1.0,5.0,0.0,1.0,480000.0,0.0
13.0,9.0,83000.0,4.0,7.0,7.0,0.0,1.0,375000.0,0.0
11.0,8.0,45500.0,4.0,0.0,5.0,0.0,1.0,288000.0,0.0
18.0,10.0,128000.0,3.0,0.0,5.0,0.0,1.0,400000.0,0.0
8.0,8.0,76000.0,3.0,1.0,5.0,0.0,1.0,451000.0,0.0
9.0,7.0,230000.0,4.0,1.0,5.0,0.0,3.0,300000.0,0.0
13.0,17.0,198000.0,4.0,4.0,5.0,0.0,2.0,350000.0,0.0
2.0,3.0,99999.0,3.0,4.0,5.0,0.0,3.0,81034.0,0.0
6.0,8.0,23300.0,3.0,0.0,5.0,2.0,1.0,450000.0,0.0
6.0,7.0,60017.0,3.0,0.0,5.0,0.0,1.0,420000.0,0.0
5.0,8.0,25487.0,3.0,0.0,5.0,0.0,1.0,415000.0,0.0
7.0,8.0,75000.0,3.0,0.0,5.0,0.0,2.0,300000.0,0.0
13.0,10.0,155000.0,2.0,0.0,5.0,0.0,1.0,200000.0,0.0
20.0,10.0,115000.0,3.0,0.0,5.0,0.0,3.0,85000.0,0.0
16.0,8.0,114100.0,3.0,0.0,5.0,0.0,3.0,85000.0,0.0
11.0,8.0,56000.0,3.0,0.0,5.0,0.0,1.0,260000.0,0.0
10.0,12.0,150000.0,4.0,4.0,5.0,0.0,3.0,380000.0,0.0
6.0,10.0,37000.0,3.0,0.0,5.0,0.0,1.0,399000.0,0.0
7.0,8.0,44041.0,3.0,0.0,5.0,0.0,3.0,312981.0,0.0
12.0,11.0,137500.0,4.0,0.0,5.0,0.0,2.0,250000.0,0.0
13.0,8.0,158000.0,4.0,0.0,5.0,0.0,2.0,170000.0,0.0
8.0,10.0,98000.0,4.0,0.0,5.0,0.0,1.0,475000.0,0.0
